,age,workclass,fnlwgt,education,marital-status,occupation,relationship,race,gender,capital-gain,capital-loss,hours-per-week,native-country,income
22665,35,3,38948,1,0,9,0,4,1,0,0,40,38,1
45050,24,3,196269,5,0,5,0,3,1,0,0,40,38,0
47917,41,3,58484,0,0,3,5,4,0,0,0,40,38,0
41322,41,1,67671,4,0,9,0,4,1,0,0,50,38,0
8269,39,3,176050,1,0,3,0,4,1,0,1848,47,38,1
45107,21,3,205844,1,1,11,3,2,0,0,0,25,38,0
2808,37,8,70282,3,1,14,1,2,0,0,0,40,38,0
39843,55,3,32365,0,0,3,0,4,1,0,0,45,38,1
37145,44,6,185832,0,0,0,0,4,1,0,0,46,38,1
7729,38,6,169926,0,0,9,5,4,0,0,0,21,38,1
8751,57,5,38430,5,3,4,4,4,1,0,0,40,38,0
36875,18,3,216730,5,1,7,3,4,1,0,0,12,38,0
45980,35,4,65624,0,0,3,0,4,1,0,0,50,38,1
29212,45,3,350440,3,0,3,0,1,1,0,0,40,38,1
43393,48,4,38240,3,0,4,0,4,1,0,0,40,38,1
6322,34,3,127651,4,0,3,0,4,1,0,0,55,38,1
20030,56,3,318450,4,0,0,0,4,1,0,0,80,38,1
17130,31,3,118966,3,1,2,3,4,1,0,0,18,38,0
44359,58,3,103540,5,0,13,0,2,1,0,0,40,38,0
43822,33,3,155343,3,1,6,4,4,1,0,0,40,38,0
16114,33,3,397995,0,1,9,1,4,1,0,0,40,38,0
46403,25,3,191782,5,1,6,3,2,0,0,0,40,38,0
897,45,5,213140,1,0,2,0,4,1,7688,0,45,38,1
47482,21,8,176356,1,1,14,3,4,0,0,0,10,10,0
22084,27,8,224421,1,2,14,3,4,1,0,0,40,38,0
36355,46,3,110171,1,0,2,0,4,1,7688,0,40,38,1
39953,41,3,214242,0,0,9,0,4,1,0,1887,40,38,1
1655,30,3,156015,1,0,3,0,4,1,0,0,45,38,1
39987,50,3,167065,0,0,3,0,4,1,0,0,40,38,1
40952,27,6,205499,2,1,9,1,4,1,0,0,77,38,0
15212,49,3,278322,0,0,6,0,4,1,0,0,40,38,1
1757,49,3,116927,4,2,9,1,4,1,0,0,60,38,0
21369,25,5,182809,3,0,2,0,4,1,7298,0,40,38,1
21984,39,5,109766,4,0,9,0,4,1,15024,0,50,38,1
37478,27,3,197905,1,0,7,0,4,1,0,0,40,38,0
48696,57,5,65080,3,0,2,0,4,1,0,0,50,38,1
47439,37,3,96330,1,1,3,4,2,0,0,0,40,38,0
48084,58,3,252419,5,0,13,0,4,1,0,0,50,38,0
40348,38,4,478829,4,0,9,0,4,1,99999,0,50,38,1
44017,44,3,222504,1,0,0,5,4,0,0,0,45,38,1
14266,50,3,254148,5,0,5,0,4,1,0,0,40,25,0
24822,42,1,188291,0,0,10,0,4,1,0,1902,40,38,1
31484,27,3,207213,3,1,5,3,4,1,0,0,40,38,0
38544,20,3,57898,5,1,4,3,4,1,0,0,40,38,0
18682,20,3,137651,1,1,6,3,0,1,0,0,40,38,0
40251,42,3,52781,0,0,9,0,4,1,7688,0,40,38,1
6025,42,3,227065,0,1,0,1,4,1,0,0,60,38,0
46449,32,3,178623,1,1,11,1,2,0,0,0,46,37,0
9104,45,3,162958,3,2,7,1,4,0,0,0,35,38,0
14040,45,1,272792,4,0,9,5,2,0,0,0,50,38,1
23622,49,1,276247,1,0,10,0,4,1,0,0,40,38,0
47254,26,3,402998,0,0,9,0,4,1,0,0,58,38,1
8,24,3,369667,1,1,7,4,4,0,0,0,40,38,0
5291,17,3,127366,5,1,7,3,4,0,0,0,20,38,0
24949,27,3,81540,3,0,2,0,4,1,0,0,40,38,1
1221,53,3,53833,1,0,13,0,4,1,0,0,32,38,1
557,51,3,144284,0,0,9,0,4,1,0,0,40,38,1
41837,25,6,99076,0,1,7,1,4,0,2597,0,50,38,0
7399,44,3,172160,5,2,6,4,2,0,0,0,40,38,0
48114,39,1,43702,1,0,0,5,4,0,0,0,37,38,0
29412,71,0,149386,3,3,3,1,4,1,0,0,9,38,0
34378,72,5,473748,3,0,11,0,4,1,0,0,30,38,0
22100,45,3,169180,1,3,7,4,4,0,0,0,45,38,0
31366,60,1,138502,0,0,10,0,4,1,7298,0,48,38,1
46357,32,3,167990,4,1,3,1,4,1,14084,0,40,38,1
17937,26,8,211798,3,2,14,4,4,0,0,0,40,38,0
13948,35,3,284358,3,0,3,0,4,1,0,0,50,38,1
28307,56,3,195668,5,0,7,0,4,1,0,0,35,4,1
23990,37,3,361888,0,1,9,1,4,1,10520,0,40,38,1
26780,56,5,162130,5,0,3,0,4,1,0,1887,67,38,1
18572,46,3,109089,3,2,2,1,4,1,0,0,37,38,0
32855,24,3,228772,5,1,6,2,4,0,0,0,40,25,0
14129,32,3,214150,3,0,6,0,4,1,0,0,50,38,1
6331,22,3,663291,1,0,6,0,4,1,2105,0,40,38,0
18777,19,8,356717,1,1,14,3,4,0,0,0,25,38,0
41106,22,3,264874,1,1,12,2,4,0,0,0,40,38,0
30363,26,1,242464,3,0,10,0,4,1,3103,0,40,38,1
35491,18,5,207438,3,0,7,5,4,0,0,0,40,38,0
33000,37,3,112497,4,0,3,0,4,1,0,0,40,38,1
42511,54,3,329733,3,1,3,4,4,1,0,0,40,38,1
9267,39,0,135500,3,0,0,0,4,1,0,0,40,38,1
27101,39,8,201105,0,0,14,5,4,0,0,0,30,38,0
24642,47,4,105779,0,1,11,3,4,1,0,0,40,38,1
42902,55,3,254516,5,1,5,2,2,1,0,0,37,38,0
15573,18,8,158826,5,1,14,3,2,0,0,0,15,38,0
36983,59,3,154100,4,1,11,1,4,0,27828,0,45,38,1
43163,29,1,190525,0,0,9,0,4,1,0,1848,60,10,1
28937,20,3,299399,1,1,11,3,4,0,0,0,20,38,0
46463,74,5,292915,0,0,3,0,4,1,0,1825,12,38,1
43683,61,6,162678,5,0,13,0,4,1,0,0,40,38,0
44047,30,3,193298,3,0,13,0,4,1,0,0,45,38,0
31534,31,3,279015,4,0,3,0,4,1,0,2415,70,35,1
26417,36,5,151322,0,0,9,0,4,1,0,0,45,38,1
42133,36,5,67728,0,0,11,0,4,1,0,0,50,38,1
16342,32,8,293936,5,1,14,1,4,1,0,0,40,41,0
4216,35,8,171062,0,1,14,1,2,1,0,0,40,8,0
22031,47,3,176140,3,2,3,4,2,0,0,0,40,38,1
30547,65,3,150095,0,0,3,0,4,1,0,0,40,38,1
47726,54,5,57101,3,0,2,0,4,1,0,0,35,38,0
47072,20,3,130840,5,1,5,3,4,1,0,0,40,38,0
13603,75,1,73433,3,0,7,0,4,1,0,2467,40,1,0
29908,47,3,218435,3,1,11,4,4,0,0,0,20,4,0
47926,32,5,112115,0,0,9,0,4,1,7688,0,40,38,1
27129,32,3,330715,3,0,2,0,4,1,99999,0,40,38,1
45805,43,3,184018,1,0,9,0,4,1,0,0,50,38,0
45190,41,3,182303,1,0,11,0,4,1,0,0,50,38,1
9676,46,3,205816,1,0,9,5,4,0,0,0,40,38,1
40488,39,3,278557,1,0,2,0,4,1,0,1628,48,38,0
36098,52,4,260938,1,0,3,0,4,1,0,0,60,38,1
14677,47,3,201595,3,1,0,4,4,1,0,0,40,38,0
13846,51,1,194970,3,0,3,0,4,1,0,0,40,38,1
31857,75,5,309955,4,0,9,0,4,1,0,2174,50,38,1
39359,50,3,43764,2,0,9,0,4,1,15024,0,50,38,1
46446,33,3,122672,3,0,4,0,4,1,0,0,50,38,0
42618,45,1,334039,1,0,3,0,4,1,0,0,40,38,1
7128,47,3,224752,1,2,3,1,4,0,0,0,40,38,0
3742,27,6,413870,1,1,3,3,2,1,0,0,40,38,0
11953,52,3,389270,1,2,0,1,4,0,0,0,36,38,0
3579,38,3,61343,5,0,2,0,4,1,0,0,40,38,0
41922,52,3,175714,1,0,3,0,4,1,0,0,55,38,1
38519,46,3,167915,3,0,2,0,4,1,0,0,40,38,0
42044,20,3,138352,3,1,7,2,4,1,0,0,30,38,0
4134,50,3,245356,1,0,3,0,4,1,0,0,50,38,1
6162,52,3,180949,1,0,13,0,4,1,0,0,30,38,0
18144,25,3,176520,3,1,2,2,4,1,0,0,40,38,0
28732,90,8,225063,1,1,14,3,1,1,0,0,10,34,0
7274,50,3,106422,3,0,11,5,2,0,0,1485,37,38,1
36090,35,3,187089,1,0,3,5,4,0,0,0,42,38,1
12713,56,3,157786,0,0,3,0,4,1,0,1902,55,38,1
25310,47,3,254367,1,0,3,0,4,1,0,0,50,38,1
34160,31,6,350651,5,0,12,5,4,0,0,0,40,38,1
21706,34,3,181091,0,0,3,0,4,1,0,1977,45,38,1
15942,51,3,113045,4,3,3,4,4,1,15020,0,40,38,1
11578,47,3,213668,1,2,6,1,4,1,8614,0,65,38,1
5417,47,3,153883,0,0,9,0,2,1,7688,0,45,38,1
20143,41,3,121718,1,0,12,0,4,1,0,1848,48,38,1
25953,37,6,191841,0,1,0,1,4,0,8614,0,40,38,1
25952,21,3,208503,1,1,13,3,4,1,0,0,10,38,0
42757,35,3,193961,0,0,9,0,1,1,0,0,40,29,1
36408,35,3,241998,3,1,11,1,4,1,4787,0,40,38,1
12591,51,3,345459,1,1,3,4,2,0,0,0,40,38,0
27746,49,3,278322,3,0,2,0,4,1,0,0,40,38,1
35272,24,3,276851,3,2,10,3,4,0,0,1762,40,38,0
11917,48,3,168262,0,0,11,0,4,1,0,0,25,38,1
14498,30,3,49325,1,0,13,0,4,1,0,0,80,38,1
13640,20,6,231931,1,1,9,3,4,1,0,0,40,38,0
2049,58,3,244605,0,3,2,1,4,1,0,0,40,38,1
13157,43,3,211580,1,0,9,0,4,1,0,0,40,38,1
14683,28,5,264961,1,0,2,0,4,1,0,0,45,38,0
43403,38,3,186325,1,0,3,5,4,0,0,0,38,38,1
11442,19,3,456736,1,1,7,1,4,1,0,0,35,38,0
44305,31,3,236391,1,1,11,1,4,0,0,0,40,38,0
34369,47,3,111961,3,0,7,5,2,0,0,0,30,38,0
38445,59,3,182460,3,0,3,0,4,1,0,0,30,38,1
15089,49,3,184098,0,0,11,0,4,1,0,0,50,38,1
8952,38,3,65390,5,2,2,1,4,1,0,0,40,38,0
29654,19,0,255921,1,1,5,3,4,1,0,0,20,8,0
21128,34,3,253438,1,0,3,0,4,1,0,0,60,38,1
29955,45,0,60267,3,0,0,0,4,1,0,0,40,38,1
2640,30,3,30101,1,0,2,0,4,1,0,0,40,38,1
2179,35,1,433602,3,1,11,3,2,1,0,0,38,38,0
9325,29,3,244246,0,1,11,1,4,1,8614,0,50,38,1
25916,30,3,177531,3,1,11,4,2,0,0,0,25,38,0
37261,30,3,111415,0,0,3,0,4,1,0,0,45,38,1
37966,31,3,25955,5,1,2,3,0,1,0,0,35,38,0
22783,33,3,213226,3,2,11,1,4,1,0,0,50,38,0
24785,49,3,128736,0,1,9,4,4,0,0,0,40,38,0
7646,53,4,116211,1,0,3,0,4,1,0,0,40,38,0
28598,53,3,158294,4,0,9,0,4,1,7298,0,40,38,1
5570,28,3,351731,3,2,2,4,4,1,0,0,50,38,0
2286,47,3,145636,3,0,6,0,4,1,0,0,40,38,1
19012,62,3,160143,4,0,9,0,4,1,0,0,30,38,1
43171,53,5,105478,0,0,3,0,4,1,0,2415,40,38,1
25821,19,3,244115,3,1,7,3,2,1,0,0,30,38,0
16843,47,3,264052,1,0,9,0,4,1,0,0,50,38,1
12764,33,3,175856,0,0,3,0,4,1,0,0,50,38,1
35103,38,3,52963,0,1,0,1,4,0,0,0,50,38,0
43918,39,3,115289,1,0,12,0,4,1,0,0,40,9,1
26166,68,8,76371,3,0,14,0,4,1,0,0,35,38,0
39028,33,3,399088,3,2,13,4,4,0,0,0,40,38,0
15410,35,5,135020,1,0,11,0,4,1,0,0,75,38,1
39128,42,3,173704,1,0,11,0,4,1,0,1887,50,38,1
31999,62,3,162825,3,0,3,0,4,1,0,0,40,38,1
11225,57,3,340591,3,0,9,0,4,1,0,0,45,38,0
28883,38,3,409604,0,0,3,0,4,1,15024,0,40,38,1
36370,37,6,239409,4,0,9,0,4,1,0,0,60,38,1
8295,48,3,135525,1,3,0,4,4,0,0,0,40,38,1
4349,19,3,286419,1,1,0,3,4,1,0,0,20,38,0
27103,25,4,182750,0,1,11,1,4,1,0,0,45,38,1
22746,52,4,173754,4,0,9,0,4,1,15024,0,60,38,1
32838,31,3,240283,0,0,0,5,4,0,0,0,40,38,1
42529,65,3,180807,3,2,10,1,4,1,991,0,20,38,0
24842,43,0,262233,0,2,3,1,4,1,0,0,40,38,1
46274,25,3,186370,3,0,5,0,4,1,0,0,40,38,0
12623,43,3,171087,0,0,9,0,4,1,5178,0,40,38,1
46827,47,3,45564,1,0,3,0,4,1,0,0,40,38,1
22811,40,3,321758,3,0,11,0,4,1,0,0,40,38,1
18979,50,5,174752,3,2,4,1,4,1,0,0,40,38,0
4996,35,0,191480,0,1,3,1,2,1,0,0,40,38,0
10278,28,3,370509,3,0,2,0,4,1,0,0,44,38,1
21546,27,0,47907,0,1,0,1,4,0,0,0,40,38,0
33071,51,3,118793,0,0,9,0,4,1,0,0,70,38,1
14801,37,3,241153,0,0,9,0,4,1,15024,0,50,38,1
2978,41,0,348059,4,2,3,4,4,0,0,0,40,38,1
32786,46,3,147640,5,0,13,0,0,1,0,1902,40,38,0
14053,40,6,132125,1,0,0,0,4,1,0,0,40,38,0
24796,18,3,39529,5,1,7,3,4,0,0,0,32,38,0
45496,39,0,116608,3,2,0,4,4,0,0,0,40,38,0
35857,53,5,145419,5,0,3,0,4,1,7688,0,67,21,1
29074,33,3,236396,0,0,11,0,4,1,0,1902,55,38,1
8881,19,3,146189,3,1,11,2,0,0,0,0,78,38,0
16040,40,1,36296,0,0,9,0,4,1,0,0,50,38,1
37344,64,6,111795,0,0,2,0,4,1,0,0,45,38,1
38392,55,3,171242,3,2,3,1,4,1,0,0,60,38,1
10104,46,4,211020,0,0,3,0,4,1,15024,0,60,10,1
28807,46,6,30219,1,0,3,0,4,1,7688,0,38,38,1
23129,63,3,161563,3,0,2,0,4,1,0,0,48,38,0
35044,48,0,435503,4,0,9,0,4,1,0,0,40,38,1
5126,56,3,373216,3,0,0,0,4,1,0,0,48,38,0
40016,57,3,135339,0,0,3,0,1,1,0,0,40,29,1
12776,42,3,212894,0,0,11,0,4,1,0,0,70,38,1
2282,20,3,167868,3,1,7,1,4,0,0,0,35,38,0
308,42,4,212894,0,0,3,0,4,1,0,0,60,38,1
8888,40,3,77313,0,1,3,1,4,0,0,0,60,38,1
21915,51,3,146574,4,0,3,0,4,1,0,0,50,38,1
40252,29,3,210959,1,0,0,0,4,1,0,0,40,38,0
7314,40,3,145441,3,0,3,0,4,1,0,1485,40,38,1
24113,43,3,35910,1,0,11,0,4,1,0,0,43,38,1
47406,56,3,200235,1,0,2,0,4,1,0,0,48,38,1
26274,64,3,61892,3,3,8,1,4,0,0,0,15,38,0
9821,33,3,122749,1,0,2,0,1,1,0,0,40,18,1
10614,43,1,187034,1,2,3,1,4,0,0,0,40,38,0
28567,35,3,125933,0,0,2,0,4,1,0,0,50,38,1
17382,45,4,149865,0,0,6,0,4,1,0,0,60,38,1
28273,21,3,234108,3,1,11,1,4,1,0,0,40,38,0
17946,39,8,71701,3,2,14,4,4,0,0,0,40,38,0
36769,35,3,953588,3,0,3,5,4,0,0,0,40,38,1
9459,54,4,117674,0,0,11,0,4,1,0,0,40,38,1
33200,42,3,240628,0,0,3,5,4,0,0,0,40,38,1
42275,45,3,338105,1,0,2,0,1,1,0,0,40,39,0
35017,58,5,157786,3,0,3,0,4,1,0,0,40,38,0
34885,29,8,108775,3,0,14,0,4,1,0,0,40,5,0
36639,47,3,209212,5,0,6,0,2,1,0,0,56,41,0
2780,39,3,301614,3,0,13,0,4,1,0,0,40,38,0
4513,59,3,318450,0,0,3,0,4,1,0,0,50,38,1
38933,32,3,288229,1,0,11,2,1,0,0,0,40,11,0
33525,54,1,152540,1,2,2,4,4,1,0,0,42,38,0
27734,44,3,173888,5,0,13,0,4,1,0,0,80,38,1
2612,27,8,258231,3,1,14,1,4,1,0,0,35,41,0
36941,26,3,206199,3,1,0,3,2,1,0,0,40,38,0
30091,41,3,112181,0,0,11,5,4,0,0,0,12,38,1
38117,60,5,264314,1,0,3,0,4,1,0,0,35,3,0
46606,61,3,81132,5,0,5,0,1,1,7298,0,40,29,1
9847,35,3,103323,4,0,3,0,4,1,0,0,45,38,0
7419,90,5,122348,4,0,9,0,4,1,20051,0,45,38,1
22249,64,4,165667,2,0,9,0,4,1,7688,0,60,1,1
7926,21,8,211013,1,1,14,3,4,0,0,0,40,38,0
31357,20,3,184678,3,1,11,1,4,0,0,0,32,38,0
35977,30,3,393965,1,2,0,1,4,0,0,0,25,38,0
17437,46,3,106092,3,0,3,0,4,1,0,0,45,38,1
29972,51,3,199688,0,0,3,0,4,1,0,1977,60,41,1
48159,61,4,148577,3,0,11,0,4,1,0,0,55,38,1
40247,19,3,286435,1,1,2,3,4,1,594,0,40,38,0
4570,53,3,173754,3,0,5,0,4,1,0,0,40,38,1
16302,54,3,302146,3,2,7,4,2,0,0,0,20,38,0
43077,34,3,230246,0,0,9,0,4,1,0,0,42,38,1
40420,47,5,218676,4,0,3,0,4,1,0,0,45,38,0
712,44,4,57233,1,0,2,0,4,1,0,0,40,38,1
7678,25,3,147638,0,1,0,3,1,0,0,0,40,18,0
15396,37,3,171524,5,0,2,0,2,1,0,0,40,41,0
5511,41,6,92717,1,1,0,4,2,0,0,1504,40,38,0
37382,41,3,144778,3,0,2,0,4,1,0,0,40,38,0
129,41,3,239296,4,0,9,0,4,1,0,2415,50,38,1
41729,29,3,112403,1,1,5,1,4,1,0,0,35,38,0
47969,34,4,343789,0,0,3,0,4,1,7688,0,55,38,1
39537,63,3,383058,0,0,11,0,4,1,0,1848,40,38,1
15571,38,3,49115,3,0,13,0,4,1,0,0,55,38,0
10273,52,3,178596,4,0,2,0,4,1,0,0,45,38,1
38195,19,8,169758,1,1,14,3,4,1,0,0,40,38,0
42128,58,3,170108,4,0,3,0,4,1,0,0,40,38,1
9524,72,8,144461,1,0,14,0,4,1,0,0,16,38,1
11367,34,1,33731,1,0,13,0,4,1,0,0,40,38,1
44431,46,3,208067,3,2,2,2,4,1,0,0,40,38,0
12559,36,5,140676,0,1,11,1,4,1,0,0,50,38,0
3944,31,3,74501,0,1,9,3,4,0,0,0,40,38,0
13272,56,3,97541,3,0,11,0,4,1,0,1977,40,38,1
2622,31,3,48456,1,1,11,1,4,0,0,0,40,38,0
6721,34,3,737315,4,0,9,0,4,1,0,0,65,38,1
15875,22,3,349212,1,1,7,3,4,0,0,0,20,38,0
38946,40,0,346532,1,0,0,0,2,1,0,0,40,38,1
33621,32,3,154120,3,0,13,0,4,1,7298,0,40,38,1
10574,40,3,296858,1,0,11,0,4,1,5178,0,40,38,1
43461,26,4,66872,5,0,11,0,3,1,0,0,98,5,0
15022,46,5,504941,1,0,3,0,4,1,0,0,40,38,1
29640,38,3,170174,5,0,6,0,4,1,0,0,40,38,1
9538,47,0,87504,0,2,12,4,4,0,0,0,50,38,0
21597,32,3,152940,1,1,0,3,4,1,0,0,30,38,0
46963,25,3,166971,3,0,11,0,4,1,0,0,52,38,0
38009,23,3,38238,0,1,7,3,4,1,0,0,40,38,0
12059,46,3,241350,1,1,3,1,4,1,8614,0,50,38,1
43968,54,3,182187,1,0,10,0,2,1,15024,0,38,22,1
9693,48,1,452402,2,1,9,4,2,0,0,0,15,38,0
43525,33,6,200289,4,0,9,0,1,1,0,0,19,18,0
1187,31,3,305619,1,0,0,0,4,1,0,0,40,38,1
11705,42,3,208584,1,2,11,1,2,0,0,0,40,38,0
43982,38,6,108293,4,1,9,2,4,0,0,0,40,38,0
15804,37,3,175614,5,1,7,4,4,0,0,0,40,38,0
23272,57,1,174132,4,0,9,5,2,0,0,1977,40,38,1
5810,45,3,165822,0,0,3,0,4,1,0,0,50,38,1
39282,29,3,337693,5,1,7,3,4,0,0,0,40,7,0
8182,40,3,153799,0,0,11,5,4,0,0,0,72,41,1
41752,43,3,117158,1,0,2,0,4,1,0,0,45,38,1
36975,36,3,139364,0,0,11,0,4,1,0,0,50,38,1
47779,35,6,216035,3,0,10,0,4,1,0,0,40,38,0
29149,46,0,55237,1,2,6,4,4,1,0,0,40,38,0
16103,48,3,38819,4,0,9,0,4,1,0,0,75,38,0
31529,39,3,206951,0,0,9,0,4,1,0,0,40,38,1
37804,52,4,89041,4,0,3,0,4,1,15024,0,60,38,1
43886,56,4,208809,3,0,11,0,4,1,0,1902,40,38,1
26021,17,3,41979,5,1,4,3,4,1,0,0,40,38,0
32397,41,3,207578,3,0,13,0,4,1,0,0,40,38,1
19728,56,3,174351,5,0,2,0,4,1,0,0,40,21,0
34668,51,1,110327,0,0,3,0,4,1,0,0,40,38,1
36884,49,5,111066,0,0,2,0,4,1,0,0,50,38,1
44468,29,3,499197,1,0,9,0,4,1,0,0,40,38,0
42611,35,5,160192,1,1,2,3,4,1,0,0,40,38,0
34987,73,5,336007,3,0,11,0,4,1,0,0,40,38,0
13068,33,3,158438,3,0,11,0,4,1,0,0,55,38,1
6401,60,3,164599,1,0,3,0,4,1,7298,0,40,38,1
6216,52,3,190333,5,0,6,0,4,1,0,0,50,38,0
20270,22,3,191324,1,1,10,3,4,1,0,0,25,38,0
3,44,3,160323,1,0,6,0,2,1,7688,0,40,38,1
9708,62,8,121319,3,1,14,1,4,1,0,0,40,38,0
15802,46,3,224559,3,0,13,0,2,1,0,0,40,38,1
21880,29,3,176683,0,1,11,1,4,1,0,0,50,38,1
40965,40,3,142886,0,3,3,4,4,0,0,0,40,38,0
22693,17,3,226980,5,1,5,3,4,1,0,0,17,38,0
30727,43,1,198096,3,0,2,0,4,1,7688,0,40,38,1
11180,32,3,243243,3,0,0,0,4,1,0,0,77,38,0
27288,52,3,139671,1,0,3,0,4,1,0,1977,50,38,1
19207,35,3,173858,3,1,2,1,1,1,0,0,40,41,0
6902,30,3,415266,3,0,12,0,4,1,0,0,40,38,1
2889,58,3,168887,3,0,5,0,4,1,0,0,40,38,1
18002,51,1,101119,3,0,10,0,4,1,0,0,70,38,0
3660,43,3,33121,1,0,0,0,4,1,0,0,35,38,0
10640,30,3,177675,3,1,6,2,4,1,0,0,40,38,0
44256,27,3,347153,1,1,13,2,4,1,0,0,40,38,0
23636,37,4,99452,1,0,13,0,4,1,0,0,55,38,1
2447,61,8,274499,3,0,14,0,2,1,0,0,40,38,0
36663,58,3,354024,3,0,0,5,4,0,0,0,40,38,1
4854,39,1,123983,0,0,3,0,1,1,0,0,40,18,1
31974,68,5,195881,3,0,4,0,4,1,2414,0,40,38,0
41449,21,3,75763,1,0,11,5,0,0,0,0,40,38,0
14389,30,3,97723,0,0,2,0,4,1,0,0,30,38,0
20853,19,3,236396,5,1,5,1,4,1,0,0,40,38,0
37846,28,3,202239,5,0,9,0,4,1,0,0,55,38,0
30918,31,1,226494,0,1,9,1,4,1,0,0,45,38,0
36403,46,3,70754,5,1,5,1,4,1,0,0,50,38,0
32720,35,3,186126,4,0,9,0,4,1,0,0,38,41,0
29198,26,3,77698,1,0,9,5,1,0,0,0,40,38,0
12022,59,3,168145,3,2,2,1,4,0,0,0,40,38,0
18969,42,3,154374,0,0,13,0,4,1,0,0,58,38,0
36787,49,3,170165,3,2,6,2,4,0,0,0,55,38,0
20129,28,3,282398,1,2,12,4,4,1,0,0,40,38,1
38996,47,6,103406,3,0,12,0,4,1,0,0,40,38,0
34297,37,3,280966,1,0,6,0,4,1,0,0,50,38,1
8232,64,5,198466,3,3,11,1,4,0,0,0,70,38,0
4277,31,3,112115,3,0,2,0,4,1,0,0,40,38,1
32334,59,3,159724,4,0,11,0,4,1,7298,0,55,38,1
23241,32,3,131584,3,0,11,0,4,1,7298,0,40,38,1
7623,19,8,139517,5,1,14,3,4,1,0,0,25,38,0
34968,36,3,35429,1,0,3,0,4,1,0,0,60,38,0
11625,21,3,159879,1,1,0,3,4,0,0,0,40,38,0
10041,24,3,253190,3,0,11,0,4,1,0,0,45,38,0
24934,42,3,183479,1,0,11,0,4,1,0,0,40,38,1
9097,34,3,172714,0,0,3,0,4,1,0,0,45,38,1
47578,30,3,258170,3,2,0,1,4,0,0,0,40,38,0
14978,67,3,188903,0,0,9,0,4,1,0,0,40,38,1
47728,60,3,163665,1,0,10,0,4,1,0,0,16,38,1
23288,22,3,227994,1,1,0,3,1,0,0,0,39,38,0
40484,39,3,347960,4,1,9,1,4,0,14084,0,35,38,1
34984,73,0,127858,1,3,12,1,4,0,3273,0,40,38,0
14490,21,8,221418,1,1,14,3,4,0,0,0,40,38,0
47738,40,3,226608,1,2,12,1,4,1,0,0,30,12,1
5541,26,3,153169,5,0,5,0,4,1,0,0,40,38,0
5371,24,3,479296,5,1,11,3,4,1,0,0,48,38,0
18521,38,0,338320,4,0,9,0,4,1,0,1977,50,38,1
20975,46,3,155659,1,0,2,0,4,1,15024,0,45,38,1
31596,60,6,165827,2,0,9,0,4,1,7688,0,60,38,1
28251,33,3,143540,3,0,2,0,4,1,0,0,40,38,0
44606,57,4,127728,4,0,9,0,4,1,15024,0,60,38,1
31872,45,1,159816,4,0,9,5,4,0,0,1977,35,38,1
13455,46,0,83610,0,0,0,0,4,1,0,0,40,38,1
7562,52,4,146574,4,0,9,0,4,1,0,0,40,38,1
28981,45,5,40690,1,1,4,3,4,1,0,0,75,38,0
24608,43,6,33331,4,0,9,0,4,1,0,1977,70,38,1
7906,28,3,238859,3,1,5,2,4,1,0,0,20,38,0
12988,45,3,226081,1,0,2,0,4,1,0,0,40,38,1
19140,40,5,335549,4,1,9,1,4,1,0,2444,45,38,1
25960,37,3,212900,3,0,2,0,4,1,0,0,40,38,0
22725,51,3,129177,3,2,0,1,4,0,0,0,38,38,0
45094,46,3,265097,3,1,5,2,4,1,0,0,5,38,0
9145,68,8,180082,3,0,14,0,4,1,0,0,23,38,0
36041,35,3,204590,1,0,7,5,2,0,0,0,40,38,1
48416,48,3,175070,3,2,3,1,4,0,0,2258,40,38,1
40411,37,3,199251,1,0,7,5,4,0,0,0,40,38,0
7316,27,3,247507,3,0,2,0,4,1,0,0,40,38,0
46170,22,3,228306,1,0,7,5,4,0,0,0,40,38,1
17265,45,1,318280,3,3,10,1,4,1,0,0,40,38,1
9647,47,3,234994,5,2,2,4,4,1,0,0,40,32,0
7196,31,3,262848,3,2,0,1,4,0,0,0,40,38,0
37992,25,3,126974,3,1,2,3,4,1,0,0,40,38,0
31221,53,5,291755,1,0,13,0,4,1,0,0,72,38,0
37147,27,3,213152,1,1,11,1,4,1,0,0,40,38,0
31466,31,3,113667,3,1,11,4,2,0,0,0,25,38,0
4000,31,6,227864,3,0,2,0,2,1,0,0,40,38,0
3353,30,3,117584,4,1,9,1,2,0,0,0,20,38,0
36320,48,3,173243,2,0,9,0,4,1,0,0,45,38,1
7471,61,3,95680,1,0,6,0,1,1,0,0,40,38,1
31863,19,3,63814,1,1,0,1,4,0,0,0,18,38,0
19842,47,4,214169,3,0,4,0,4,1,15024,0,40,38,1
47629,60,3,232242,3,0,11,0,4,1,0,0,40,38,0
1409,43,3,122473,4,0,3,5,2,0,0,1977,50,38,1
13601,33,3,156602,0,1,11,3,4,1,3325,0,43,38,0
44733,53,3,70387,4,0,9,0,1,1,4386,0,40,18,1
25373,21,3,294295,3,1,0,4,4,1,0,0,40,38,0
30255,36,1,177858,0,0,9,3,4,1,0,0,40,38,0
22049,49,0,420282,1,1,0,4,2,0,0,0,40,38,0
16424,45,3,196584,1,1,9,1,4,0,0,1564,40,38,1
25633,41,6,116520,2,0,9,0,4,1,0,0,40,38,1
47120,42,3,118947,0,0,3,0,4,1,0,0,40,38,1
30501,41,4,151089,1,0,3,0,4,1,0,2415,55,38,1
4971,19,3,176806,5,0,13,0,4,1,0,0,40,38,0
11721,26,3,278916,1,2,5,3,2,1,0,0,20,38,0
6939,51,3,93690,3,0,3,0,4,1,0,0,40,38,1
20611,51,1,240358,3,0,10,0,4,1,0,0,40,38,1
6692,51,3,122533,0,0,3,0,4,1,0,0,40,38,1
24438,59,3,121912,1,0,3,0,4,1,0,0,40,38,1
10681,30,3,226525,5,2,13,3,4,1,0,0,40,38,0
44743,29,3,91189,0,0,6,0,4,1,0,0,48,38,0
28071,53,5,302847,3,0,11,0,4,1,0,0,35,38,0
6652,47,0,655066,0,0,3,0,3,1,0,0,40,28,1
44052,65,0,23494,1,0,3,0,2,1,0,2174,40,38,1
28391,48,3,199058,4,0,3,0,4,1,0,0,40,38,1
35149,32,3,209103,3,0,13,0,4,1,0,0,20,38,1
32984,30,3,75167,1,0,6,0,4,1,0,0,40,38,1
38305,41,3,142579,0,3,11,4,2,1,0,0,50,38,0
5184,60,3,80927,5,0,13,0,4,1,0,0,50,38,1
4103,43,5,160369,1,1,11,1,4,1,0,0,65,38,0
41717,53,3,180439,0,0,2,0,4,1,0,0,40,38,1
21475,38,3,225707,3,0,6,0,4,1,0,0,40,4,1
2628,40,3,276759,4,0,9,5,4,0,0,0,60,38,1
42014,26,3,181920,0,0,9,5,4,0,0,0,45,38,1
33966,46,1,114160,4,0,3,0,4,1,0,1902,45,38,1
145,47,5,174995,3,3,3,1,4,0,0,0,30,38,0
36652,50,3,410186,3,0,2,0,4,1,0,0,40,38,0
25094,47,3,246396,3,0,0,0,4,1,0,0,40,25,0
45964,46,0,219293,3,0,0,0,2,1,0,0,80,38,1
22843,44,3,138845,1,0,13,0,4,1,0,0,40,38,0
2829,59,3,357118,0,3,3,1,4,0,0,0,40,38,0
9464,32,6,204052,0,0,9,0,4,1,0,0,45,38,1
47030,41,5,111772,1,0,2,0,4,1,0,1887,40,38,1
43923,73,8,131982,0,0,14,0,1,1,0,0,5,39,0
17200,21,3,186648,1,1,7,3,4,1,0,0,20,38,0
48442,37,3,143771,3,0,3,0,4,1,0,0,60,38,1
48111,33,3,72338,4,0,3,0,1,1,0,0,65,23,1
26221,33,3,124407,0,1,9,1,4,0,0,0,40,38,0
30435,47,5,265097,3,0,13,0,4,1,0,0,45,38,1
6247,37,5,255503,4,1,9,1,4,1,0,0,55,38,1
8875,26,8,40032,0,1,14,1,4,0,0,0,40,38,0
20640,22,3,195532,0,1,9,1,4,0,8614,0,40,38,1
7657,76,3,328227,0,0,0,0,4,1,5556,0,13,38,1
23475,37,1,218184,0,0,9,0,4,1,0,1887,40,38,1
23444,39,3,85319,4,0,9,5,4,0,7688,0,60,38,1
41411,29,3,95423,3,0,13,0,4,1,0,0,80,38,0
43381,71,8,177906,0,0,14,0,4,1,0,0,10,38,1
36240,45,3,175262,5,0,5,0,1,1,0,0,40,18,0
18016,64,5,134960,0,0,3,0,4,1,15024,0,35,38,1
27893,47,3,398652,3,0,11,0,4,1,0,0,50,38,1
48197,18,3,218889,5,1,7,3,2,1,0,0,35,38,0
16125,24,3,194848,0,1,12,3,4,1,0,0,40,38,0
27327,23,8,141003,3,1,14,3,4,1,0,0,60,38,0
23929,53,3,177727,3,0,6,0,4,1,0,0,40,38,1
30433,37,3,234901,1,0,11,0,4,1,0,0,50,10,1
11421,38,1,187046,3,0,10,0,4,1,0,0,40,38,1
41902,25,3,25497,0,0,9,0,4,1,0,0,40,38,0
19431,38,3,498785,3,0,5,0,4,1,0,0,40,38,0
47013,26,3,147638,0,1,0,2,1,0,0,0,40,16,0
22989,46,4,214627,2,0,9,0,4,1,0,0,60,38,1
12045,24,3,125012,0,1,0,3,2,0,0,0,20,38,0
40740,32,3,98656,4,1,3,1,4,0,0,0,40,38,0
26197,37,3,148581,3,0,13,0,4,1,0,0,50,38,1
15126,32,3,187815,0,0,3,0,4,1,0,0,45,38,1
43097,54,3,35557,1,0,11,0,4,1,7298,0,50,38,1
45320,46,0,44706,0,2,9,4,4,0,0,0,50,38,1
37969,22,5,108506,1,1,4,1,0,1,0,0,75,38,0
36212,34,5,34572,1,0,3,0,4,1,0,0,60,38,1
46258,45,1,61885,4,0,9,0,4,1,0,0,37,38,1
13990,38,3,185556,3,2,11,1,4,1,0,0,50,38,1
47056,51,6,243631,5,0,2,0,0,1,0,0,40,38,0
7600,34,3,87943,5,0,2,5,3,0,0,0,48,41,0
2919,48,3,159577,5,1,6,1,4,1,0,0,40,38,0
48767,24,3,216984,1,0,7,3,1,0,0,0,35,38,0
45181,28,5,237466,1,0,0,5,4,0,0,0,30,38,1
38790,27,3,46868,0,1,12,1,4,0,0,0,15,38,0
12241,52,6,145072,4,2,9,1,4,0,0,0,40,38,0
16720,42,1,340148,1,0,0,5,4,0,0,0,40,38,0
1481,59,5,211678,4,0,13,0,4,1,0,0,15,38,0
32328,18,3,188241,5,1,7,3,4,1,0,0,16,38,0
47440,50,3,228238,3,0,2,0,4,1,0,0,40,38,1
24658,43,3,163847,0,0,4,0,4,1,0,0,50,38,1
1139,39,3,319962,3,2,11,2,4,0,0,0,40,38,0
35215,58,8,37591,0,3,14,1,4,0,0,0,40,38,0
42709,34,3,94413,1,0,5,0,4,1,0,0,40,38,0
3704,43,3,72338,4,0,12,0,1,1,0,0,40,38,1
26847,38,3,136137,1,0,3,2,4,1,0,0,50,38,1
42503,47,3,262244,0,1,11,1,2,1,0,0,60,38,1
30556,29,4,130856,3,0,3,0,4,1,0,0,45,38,0
714,37,4,132879,1,0,13,0,4,1,0,0,50,38,1
21462,18,3,242893,5,1,2,3,4,1,0,0,35,38,0
8817,28,3,339897,0,0,3,0,4,1,0,0,40,38,1
43328,36,3,160035,1,0,3,0,4,1,0,0,55,38,1
29815,50,8,87263,3,0,14,0,4,1,0,0,55,38,1
75,17,8,165361,5,1,14,3,4,1,0,0,40,38,0
47890,48,3,128796,1,0,3,0,4,1,0,0,40,38,1
8874,24,3,126613,0,1,11,1,4,0,0,0,50,38,0
47952,40,0,78036,1,0,9,5,4,0,0,0,65,38,1
4760,21,3,224632,0,1,0,3,2,0,0,0,38,38,0
7644,43,3,203233,3,0,13,0,4,1,0,0,50,38,1
22467,43,3,163215,0,0,7,5,4,0,0,0,35,41,1
10701,52,3,251585,5,0,13,0,4,1,0,0,55,38,0
38900,23,3,213115,3,1,0,3,2,0,0,0,40,38,0
33944,45,3,161954,0,1,9,1,4,0,0,0,40,10,0
41260,34,3,97355,1,2,11,1,4,0,0,0,60,38,0
29831,49,3,135643,3,3,2,4,1,0,0,0,40,34,0
37748,48,4,287647,2,0,9,0,4,1,7688,0,55,38,1
21911,46,3,146919,3,2,11,1,4,0,0,0,40,38,0
38421,37,5,607848,0,0,12,0,4,1,0,0,40,38,1
354,32,3,224462,3,0,13,0,4,1,0,0,84,38,1
11745,58,3,77498,3,0,11,0,4,1,0,0,60,38,0
21361,30,3,211840,1,2,11,4,2,0,0,0,16,38,0
46200,23,3,380544,1,0,0,0,4,1,0,0,40,38,1
18176,42,1,445382,0,2,3,1,4,1,0,0,45,38,1
9130,50,5,163678,1,0,2,0,4,1,0,0,40,38,0
45207,31,3,197886,1,0,11,0,4,1,15024,0,45,38,1
33491,41,3,170866,0,0,3,0,4,1,0,0,50,38,1
14734,44,3,94706,0,1,11,4,1,1,0,0,40,24,0
45020,36,3,93225,5,0,6,0,4,1,0,0,40,38,0
17627,61,4,134768,0,0,3,0,4,1,0,0,50,10,1
33434,36,3,167482,0,0,0,0,4,1,0,0,40,38,1
10970,43,1,256253,0,0,9,0,4,1,0,0,55,38,1
17671,27,3,29904,0,1,12,1,4,0,0,0,40,38,0
1551,70,3,118902,0,0,0,0,4,1,0,0,40,33,0
28659,27,5,420054,3,1,2,4,4,1,9562,0,50,38,1
1464,36,3,382859,1,0,3,0,4,1,0,0,43,38,1
42844,50,3,198362,1,3,3,4,4,0,0,0,40,38,0
26548,27,3,185647,3,0,6,0,4,1,0,0,50,38,1
29783,30,3,89735,1,0,9,0,4,1,0,0,40,38,1
27077,29,3,263855,5,1,2,4,4,1,0,0,40,38,0
32851,18,3,96483,3,1,7,3,1,0,0,0,20,38,0
6640,33,3,98168,3,0,2,0,4,1,0,0,30,38,1
10452,29,3,187750,1,0,12,0,4,1,0,0,40,38,1
33932,35,3,54953,3,0,2,0,4,1,0,0,40,38,0
34814,49,3,165513,1,2,5,4,2,0,0,0,40,38,0
39578,31,3,150324,1,1,6,4,4,1,0,0,40,38,0
15524,46,8,110243,4,0,14,0,4,1,0,1977,20,38,1
39566,59,4,103948,3,0,11,0,4,1,0,0,60,38,1
28713,40,3,110028,1,0,2,0,4,1,0,0,40,38,0
46774,33,3,100228,1,1,6,1,2,1,0,0,40,38,0
10308,67,3,219687,1,3,11,1,4,1,0,0,18,38,0
41914,56,4,98418,4,0,9,0,4,1,99999,0,40,38,1
40128,66,1,157942,3,3,13,1,2,0,0,0,40,38,0
44655,53,3,208321,3,0,7,0,2,1,0,1740,40,38,0
20112,48,3,202467,0,0,9,0,4,1,0,1485,40,38,1
46237,68,8,108683,1,0,14,5,4,0,0,0,12,38,1
42955,42,3,121055,0,0,11,0,4,1,0,0,60,38,0
28854,45,3,363677,2,0,9,5,4,0,0,1977,30,38,1
9426,30,3,160594,0,1,3,1,4,1,0,0,50,38,0
1933,29,3,253003,1,1,2,1,4,1,0,2258,45,38,1
24804,34,3,114955,1,2,6,1,4,1,0,0,40,38,0
39312,32,3,32406,0,1,9,1,4,0,0,0,50,38,0
19034,43,3,125461,0,0,11,0,4,1,0,0,65,38,1
47988,35,5,147258,1,1,4,3,4,1,0,0,65,38,0
33332,61,4,139391,1,0,11,0,4,1,0,1902,35,38,1
304,20,3,109667,1,1,5,3,4,1,0,0,16,38,0
37258,28,3,148645,3,1,6,3,4,0,0,0,40,38,0
19611,36,8,356838,5,1,14,1,4,1,0,0,35,38,0
2901,44,1,339346,4,1,3,1,4,0,10520,0,60,38,1
42374,62,8,68461,2,0,14,0,0,1,0,0,40,38,1
48187,48,3,313925,1,0,9,5,4,0,0,0,30,38,1
44623,53,3,168107,0,0,3,0,4,1,0,0,40,38,1
48589,37,3,377798,1,0,2,0,4,1,3103,0,40,38,1
44115,20,6,215443,1,1,2,3,4,1,0,0,38,38,0
26579,51,1,108435,3,0,2,0,4,1,0,0,40,38,0
35697,50,3,31014,3,0,9,5,4,0,0,0,40,38,1
32282,24,3,403671,0,1,9,1,4,1,0,0,40,38,0
10419,29,3,162298,0,0,11,0,4,1,0,0,55,38,1
40414,35,8,333305,1,0,14,3,4,0,0,0,40,38,0
40764,39,4,124685,4,2,3,1,1,1,0,0,99,23,1
4739,35,3,80680,4,1,3,1,4,0,0,0,45,38,1
37756,56,5,62539,5,3,7,4,4,0,0,0,65,11,1
14139,41,3,163287,0,2,13,1,4,1,0,0,48,38,0
2591,60,5,145209,3,0,11,0,4,1,0,0,60,38,0
42276,69,5,58213,0,0,9,0,4,1,20051,0,45,38,1
18045,46,3,133938,4,2,3,1,4,0,27828,0,50,38,1
36636,37,0,32528,3,0,0,0,4,1,0,0,40,8,1
29631,32,3,187901,1,1,3,1,4,0,0,0,23,38,0
47253,21,3,211391,1,1,0,1,4,0,0,0,27,38,0
1403,66,5,240294,1,0,13,0,2,1,0,0,60,38,0
35739,52,3,48343,1,0,3,0,4,1,0,0,40,38,0
48043,61,3,668362,5,3,5,1,4,0,0,0,40,38,0
26162,53,3,117814,1,2,0,4,4,0,0,0,38,38,0
17475,19,3,187161,1,1,7,3,4,0,0,0,25,38,0
19444,53,1,110510,3,0,3,5,4,0,0,0,50,38,1
13907,18,8,233136,5,1,14,3,4,0,0,0,15,38,0
2992,58,3,84231,5,0,13,0,4,1,0,0,50,38,1
18754,39,4,329980,0,0,11,0,4,1,0,2415,60,38,1
5364,33,3,309590,3,1,7,1,2,1,0,0,40,22,0
47854,48,3,41504,3,0,13,0,4,1,0,0,40,38,1
7561,38,8,115376,1,0,14,5,2,0,0,0,40,38,0
28603,57,3,175942,1,2,3,1,4,0,0,0,50,38,1
48681,53,1,186303,1,0,10,0,4,1,0,1887,40,38,1
22963,33,3,154227,1,2,11,1,4,1,0,0,40,38,0
1868,39,4,170174,3,0,3,0,4,1,0,0,60,38,1
17048,22,3,151790,1,0,11,5,4,0,0,0,30,10,0
44397,44,3,277647,3,0,11,0,4,1,0,1902,40,38,1
3867,38,8,242221,3,1,14,4,2,0,0,0,38,38,0
945,38,3,216319,2,0,9,0,1,1,0,0,40,2,1
31908,62,3,167098,0,0,3,0,4,1,0,0,40,38,1
732,38,6,116975,1,0,10,0,4,1,0,1887,50,38,1
31262,32,3,193042,0,0,11,0,4,1,0,0,44,38,0
34052,54,3,93605,3,0,11,0,4,1,0,1848,40,38,1
34401,20,3,109952,1,1,5,3,4,1,0,0,25,38,0
8983,18,3,391495,1,1,11,3,4,0,0,0,25,38,0
3100,33,3,232356,5,0,2,0,4,1,0,0,45,38,1
17921,52,3,158993,3,2,7,2,2,0,0,0,38,38,0
33213,21,3,195919,5,1,5,1,3,1,0,0,40,5,0
48395,40,3,137225,4,0,3,0,4,1,0,0,40,38,1
31060,39,6,221059,4,0,9,2,3,0,7688,0,38,38,1
32373,58,6,223400,0,0,9,5,4,0,0,0,20,38,1
6105,46,3,273796,3,0,13,0,4,1,0,0,65,38,1
44877,31,3,574005,0,0,2,0,4,1,0,0,44,38,1
4675,74,3,172787,3,3,0,1,4,1,0,2282,35,38,1
11901,72,8,31327,0,0,14,0,4,1,0,0,20,38,1
37796,33,3,118551,3,2,0,4,4,0,0,0,40,38,0
35794,50,3,174102,3,2,2,3,4,1,0,0,40,32,0
11962,57,4,84231,4,0,11,0,4,1,0,1977,50,38,1
3286,19,3,96866,1,1,7,2,4,0,0,0,30,38,0
31080,35,3,222868,3,0,0,0,4,1,0,0,40,38,0
10918,41,3,202565,3,0,0,0,4,1,0,0,40,38,1
1113,41,5,54611,3,0,13,0,4,1,7298,0,50,38,1
20954,64,3,102470,3,0,2,0,4,1,0,0,40,38,0
21909,31,3,120460,1,0,4,0,4,1,0,0,50,38,1
22458,40,3,224232,0,0,11,0,4,1,0,0,40,38,1
20867,21,3,152540,3,1,0,1,4,0,0,0,35,38,0
31619,42,3,224203,1,3,11,4,2,0,0,0,40,38,0
21079,36,1,180805,3,1,13,1,1,1,0,0,40,38,0
16600,62,3,159841,3,3,7,1,4,0,0,0,24,38,0
41656,22,3,306593,3,1,2,3,4,1,0,0,40,38,0
11551,43,3,390369,1,0,5,0,4,1,0,0,40,38,1
32671,48,1,407495,1,0,10,0,4,1,0,0,56,38,1
19812,32,8,282622,3,2,14,4,4,0,0,0,28,38,0
30475,34,3,160261,3,1,12,3,1,1,14084,0,35,2,1
8325,30,3,184435,3,1,0,1,2,1,0,0,40,38,0
15678,22,8,148409,1,1,14,3,4,1,0,1721,40,38,0
23547,45,3,202812,0,0,9,0,4,1,0,0,40,38,1
24824,62,8,191188,3,0,14,0,4,1,0,0,40,38,0
36657,42,5,199143,4,2,9,4,4,0,7430,0,44,38,1
42294,22,5,197387,3,1,4,3,4,1,0,0,40,38,0
27047,34,3,203488,1,0,13,0,4,1,0,0,40,38,0
47205,39,3,252327,5,1,7,3,4,1,0,0,40,25,0
45380,22,3,300871,1,0,12,0,4,1,0,0,40,38,0
6916,45,3,168191,1,0,12,0,4,1,15024,0,37,38,1
35731,44,4,191712,4,0,9,0,4,1,0,2415,55,38,1
2381,38,3,186531,3,1,6,1,4,1,0,0,40,38,0
16453,51,3,96062,1,0,11,0,4,1,0,1977,40,38,1
40529,57,3,104272,5,0,2,0,4,1,0,0,40,38,0
39322,34,3,198265,1,0,12,0,4,1,3103,0,40,38,1
37869,37,3,215503,3,0,3,0,4,1,4386,0,45,38,1
40323,64,6,105748,3,0,4,0,4,1,0,0,40,38,0
20013,32,3,107843,3,0,6,0,4,1,5178,0,50,38,1
40155,50,3,163948,4,0,11,0,4,1,0,0,40,38,1
48140,24,3,205865,3,1,11,4,4,1,0,0,45,38,0
29493,39,5,187693,3,0,2,0,4,1,0,0,72,38,1
2819,23,3,163687,1,0,3,0,4,1,0,0,50,38,0
16381,76,3,124191,4,0,3,0,4,1,0,0,40,38,1
40696,54,6,137065,2,1,3,1,4,0,0,0,40,38,1
38956,53,3,200190,1,2,2,1,4,1,0,0,40,38,1
29018,50,3,196975,3,0,2,0,4,1,0,0,40,38,1
12208,39,3,256294,3,0,7,0,2,1,0,0,40,38,0
11942,67,3,127921,3,0,3,0,4,1,9386,0,40,38,1
31624,46,3,144351,4,0,9,0,4,1,0,0,40,38,1
23842,35,3,163237,0,0,11,0,4,1,0,0,52,38,1
8032,31,3,307543,5,1,13,3,4,1,0,0,99,4,0
26147,61,3,119986,4,0,9,0,4,1,0,0,40,41,1
14685,59,1,435836,5,0,7,5,4,0,0,0,30,38,1
2272,29,3,226941,1,0,3,0,4,1,0,0,55,38,0
20610,63,3,149756,1,2,3,1,4,1,0,0,40,38,1
28489,50,3,155594,1,0,6,0,4,1,0,0,50,38,1
13082,63,6,266565,3,2,0,1,4,0,0,0,27,38,0
12462,42,3,209547,1,0,11,0,4,1,5178,0,40,38,1
39118,24,3,67804,3,1,7,3,2,1,0,0,40,38,0
45106,47,0,197332,0,2,9,1,4,1,0,0,40,38,0
10971,31,3,61898,1,0,9,5,4,0,0,0,40,38,1
20396,34,3,275438,1,0,9,0,4,1,5178,0,40,38,1
41359,74,3,260669,5,2,7,1,4,0,0,0,1,38,0
33073,31,3,187901,1,1,11,1,4,0,0,1504,40,38,0
2558,45,4,81534,3,1,11,4,1,1,0,0,40,38,0
32374,59,1,102442,0,0,9,5,4,0,0,0,45,38,1
14211,35,3,61343,3,0,2,0,4,1,0,0,45,38,0
29199,61,8,198686,1,0,14,0,4,1,0,0,2,38,1
2291,71,4,45741,0,0,11,0,4,1,20051,0,30,38,1
10553,57,3,366421,3,0,11,0,4,1,0,0,40,25,0
21333,39,3,56648,3,2,11,1,4,0,0,0,47,38,0
1439,32,1,130242,0,0,9,0,4,1,0,0,45,38,0
6457,64,6,152537,0,0,3,0,4,1,0,0,45,38,0
10715,41,1,207685,4,0,9,0,4,1,0,0,61,38,1
7402,64,5,217380,4,2,9,1,4,1,0,2559,60,38,1
48592,54,3,161691,4,2,9,1,4,0,0,2559,40,38,1
41366,46,5,122206,3,0,3,0,4,1,0,0,50,38,0
11988,44,3,57600,1,0,0,5,4,0,0,0,38,38,0
19308,42,4,187702,4,0,9,0,4,1,0,2415,60,38,1
29989,57,5,110417,1,0,4,0,4,1,0,0,75,38,0
10519,31,5,404062,5,0,4,0,4,1,0,0,55,31,1
14841,53,4,251240,0,0,3,0,4,1,0,2415,50,38,1
28803,33,3,141841,0,0,3,0,2,1,5178,0,40,38,1
23301,28,1,211920,3,0,10,0,4,1,0,0,40,38,0
21809,43,1,98130,0,2,9,3,4,0,0,0,39,38,0
15518,19,3,239995,5,1,11,2,4,1,0,0,16,38,0
43820,25,3,47353,5,0,7,5,4,0,0,0,40,38,0
28683,50,3,40623,1,2,11,1,4,0,0,0,40,38,0
16855,27,3,158156,2,1,9,1,4,0,0,0,70,38,0
46830,31,1,189843,3,2,10,1,4,1,0,0,47,38,1
46104,38,3,187983,4,0,11,5,4,0,0,0,40,38,0
14383,43,3,88787,1,0,3,0,4,1,0,0,45,38,1
36181,55,4,392325,0,0,11,0,4,1,99999,0,60,38,1
15991,19,3,205977,1,0,0,2,4,0,0,0,20,38,0
23490,53,3,299080,1,1,0,4,2,0,0,0,40,38,0
27007,49,5,126268,0,0,2,0,4,1,0,0,50,38,0
31,56,5,186651,5,3,7,4,4,0,0,0,50,38,0
20418,45,3,120131,1,0,2,0,4,1,0,1887,40,38,1
20527,39,1,113253,0,0,9,5,4,0,0,0,50,38,1
9394,63,3,125954,5,0,13,0,4,1,0,0,44,38,1
35309,61,3,115023,1,0,0,0,4,1,0,0,40,38,1
19668,51,8,163998,3,1,14,1,4,1,0,0,20,38,1
27916,39,3,120985,3,2,7,3,4,1,0,0,40,38,0
26848,47,0,55377,0,1,0,4,2,1,0,0,40,38,1
27172,33,5,58702,1,0,9,5,4,0,3103,0,50,38,1
20994,32,0,125856,3,2,2,4,4,1,0,0,40,38,0
23469,20,3,212668,1,1,11,3,4,0,0,0,30,38,0
37586,18,3,414721,5,1,7,3,2,1,0,1602,23,38,0
42920,35,0,49657,0,0,9,0,4,1,7298,0,40,38,1
29687,47,3,131002,0,0,9,0,4,1,0,0,50,38,1
12901,41,3,33331,4,0,3,0,4,1,0,1902,40,38,1
29520,22,3,63105,3,1,9,3,2,1,0,0,40,38,0
22591,41,3,42563,0,0,12,5,4,0,0,0,25,38,1
18282,28,3,104024,1,1,11,2,4,0,0,0,40,38,0
37871,34,3,175856,0,0,3,0,4,1,3103,0,55,38,1
23104,35,3,125933,0,0,11,0,4,1,0,0,60,38,1
46812,56,3,230039,5,1,7,3,4,0,0,0,30,38,0
30222,33,6,156015,0,0,3,0,4,1,0,0,40,38,1
15151,41,3,187795,1,0,2,0,4,1,0,1977,60,38,1
35757,41,3,171546,0,0,12,0,4,1,0,0,45,38,1
25032,27,5,442612,3,0,11,0,4,1,0,0,65,38,1
19333,30,3,107793,1,0,13,0,4,1,0,0,56,38,1
37883,45,3,154308,4,0,3,0,2,1,0,0,40,38,1
42004,17,3,347322,5,1,11,3,4,0,0,0,20,38,0
45930,33,6,425785,1,0,9,0,4,1,0,0,40,38,0
15836,42,8,191149,0,0,14,5,4,0,0,0,28,38,1
5921,46,3,32825,3,0,13,0,4,1,0,0,60,38,0
40066,24,3,140001,0,1,0,1,4,1,0,0,40,38,0
31072,58,3,191069,3,0,11,0,4,1,0,0,40,38,1
40002,27,3,186454,0,1,9,1,1,1,13550,0,40,38,1
18610,32,3,236770,1,2,11,1,4,1,0,0,50,38,0
48800,46,3,364548,1,0,3,0,4,1,0,0,48,38,1
18019,45,3,182655,0,2,7,1,4,1,0,0,45,41,1
27974,51,6,167065,3,0,3,0,4,1,0,0,40,38,0
22780,37,3,308691,0,0,2,0,4,1,0,0,45,38,1
5726,17,8,235661,5,1,14,3,4,0,0,0,30,38,0
37886,28,3,100829,0,0,3,5,4,0,0,0,50,38,1
47391,40,3,305846,1,0,0,5,4,0,0,0,40,38,1
4935,22,8,393122,1,1,14,3,4,1,0,0,30,38,0
36542,66,3,214469,3,3,0,1,4,0,0,0,13,38,0
39040,56,3,182273,3,0,6,0,4,1,0,0,40,38,0
48227,49,3,123681,4,0,9,0,4,1,0,0,43,38,1
24167,43,3,180985,1,0,13,0,4,1,0,0,60,38,1
28185,57,3,437727,4,0,9,0,4,1,0,1977,45,38,1
37073,26,3,259585,1,1,11,1,4,1,0,0,24,38,0
48273,45,3,172822,3,0,6,0,4,1,0,0,52,38,1
21054,44,5,27242,1,1,4,3,4,1,0,0,60,38,0
7785,46,8,427055,1,2,14,1,4,1,0,0,40,38,1
16332,18,3,226956,3,1,7,3,4,0,0,0,30,41,0
4839,74,6,193602,1,3,3,1,2,1,15831,0,40,38,1
32222,58,3,244605,1,0,3,0,4,1,3908,0,40,38,0
33889,37,5,126738,3,0,4,0,4,1,0,0,72,38,0
32697,47,3,168337,3,0,6,0,4,1,0,0,48,38,1
1352,45,5,144086,5,0,2,0,4,1,0,0,50,38,0
699,54,3,387540,4,0,9,0,4,1,0,0,45,38,1
48761,41,3,201495,4,0,3,0,4,1,0,0,40,38,1
33627,70,5,143833,1,0,3,0,4,1,0,2246,40,38,1
31911,27,3,31659,0,0,6,0,4,1,0,1887,60,38,1
23666,25,3,102476,0,1,4,3,4,1,27828,0,50,38,1
8187,51,5,85877,3,2,3,1,4,0,99999,0,60,38,1
37719,30,3,60426,3,0,0,3,0,0,0,0,40,38,0
4578,36,3,148143,3,1,6,2,2,0,0,0,40,38,0
12521,26,3,52839,1,2,3,1,4,1,0,0,40,38,0
4733,28,3,230503,1,1,12,4,4,0,0,0,40,38,0
28847,44,3,156413,1,0,12,0,4,1,0,0,44,38,1
30210,32,5,103642,3,0,3,0,4,1,0,0,55,38,0
40541,43,3,171841,0,0,11,0,4,1,0,0,40,38,1
31190,41,3,262038,5,1,4,1,4,1,0,0,35,25,0
37996,41,3,177305,1,0,2,0,4,1,0,0,60,38,1
36844,62,8,378239,4,0,14,0,4,1,0,0,2,38,1
13971,32,3,147654,3,0,2,0,4,1,0,1902,40,38,1
16948,42,3,247019,3,0,2,0,2,1,0,0,40,38,1
7469,33,3,82623,3,0,2,0,4,1,4386,0,48,38,1
18076,33,3,155343,3,0,11,0,4,1,3103,0,40,38,1
48539,51,4,28765,4,0,9,0,4,1,0,0,60,38,1
28935,40,3,235371,1,2,9,4,4,1,0,0,40,38,0
11232,44,3,112656,3,0,0,5,4,0,0,0,20,38,0
14028,38,3,339677,4,2,12,4,4,0,0,0,40,41,1
22405,48,4,136878,3,0,2,0,4,1,0,0,60,38,1
21166,45,4,142719,0,0,3,0,4,1,0,0,40,38,1
37461,38,3,186145,1,0,11,5,4,0,0,0,40,38,1
34062,42,3,31387,2,1,9,4,0,0,0,0,40,38,0
40239,56,3,265086,3,0,2,0,4,1,0,0,50,38,1
23439,27,3,188519,3,2,11,3,4,0,0,0,40,38,0
22964,25,3,279667,5,0,2,0,4,1,0,0,45,38,0
10573,62,3,190610,0,0,3,0,4,1,0,0,50,38,1
24801,32,3,340917,3,1,5,1,4,1,0,0,40,38,0
32407,50,3,31621,3,0,2,0,4,1,0,0,40,38,1
5711,35,5,134498,1,1,3,3,4,1,0,0,45,38,1
4132,37,3,356250,3,0,2,0,1,1,0,0,40,34,0
38884,20,1,194630,1,1,7,1,4,1,0,0,40,38,0
47889,50,3,102346,0,0,3,5,4,0,0,2415,20,38,1
3754,40,6,385357,0,0,10,0,4,1,0,0,72,38,1
3396,46,3,233493,3,0,6,0,4,1,0,1579,40,38,0
42946,66,3,350498,1,0,13,0,4,1,0,1258,20,38,0
33417,50,3,226735,1,0,10,0,2,1,0,0,70,38,1
35824,37,4,183800,1,0,11,0,4,1,0,1887,40,38,1
44366,32,3,226696,0,1,3,1,4,1,0,0,55,38,1
13033,54,3,186224,4,1,9,1,4,1,0,0,40,38,1
2699,58,1,185072,0,2,9,4,2,0,0,0,40,22,1
28198,30,3,147921,1,2,0,1,4,0,0,0,46,38,0
43168,36,4,242080,4,0,9,0,4,1,0,0,80,38,1
16053,28,3,425127,5,0,7,2,4,0,0,0,35,38,0
8412,35,3,179481,0,0,3,0,4,1,0,0,60,38,1
12292,43,6,118544,4,0,3,0,4,1,0,0,50,38,1
27949,28,3,337378,3,0,2,0,4,1,0,0,40,38,0
41756,40,3,155767,3,2,6,4,4,1,0,0,40,38,0
11224,66,8,128609,3,2,14,1,2,1,0,0,40,38,1
1094,47,3,213304,5,2,7,4,4,0,0,0,40,7,0
16567,41,3,220531,4,0,9,0,4,1,0,0,60,38,1
33451,40,3,179666,0,1,3,1,4,1,0,0,30,1,0
17501,45,5,247379,3,0,2,0,4,1,0,0,40,38,1
10598,39,4,128715,3,0,3,0,4,1,0,0,45,38,1
26124,25,3,395512,5,0,6,2,3,1,0,0,40,25,0
18850,56,4,105582,1,0,3,0,4,1,7688,0,50,38,1
19294,64,6,194894,2,1,9,1,4,0,4787,0,40,38,1
1281,36,3,32086,1,0,2,0,4,1,7298,0,40,38,1
11975,27,3,144808,1,1,0,3,2,0,0,0,40,38,0
46601,46,3,415051,1,0,11,0,2,1,0,0,60,38,1
40927,35,3,144608,3,0,6,0,4,1,0,0,40,38,0
27474,45,3,195554,3,0,6,0,4,1,0,0,45,38,1
20093,26,6,70447,3,0,10,0,1,1,0,0,40,38,1
15344,34,3,421200,3,0,2,0,2,1,0,0,40,38,0
17154,51,5,160724,0,0,11,0,1,1,0,2415,40,2,1
39214,57,4,37345,4,0,9,0,4,1,0,0,36,38,1
2216,50,3,193720,0,0,11,0,4,1,7688,0,40,38,1
16455,28,6,149624,0,0,9,0,4,1,0,0,40,38,1
23937,40,3,310101,1,2,11,1,0,0,0,0,40,38,0
24491,31,3,35378,1,2,0,1,4,0,0,0,45,38,0
12654,18,3,150675,5,1,11,3,4,1,0,0,40,38,0
12251,46,0,362835,1,0,9,0,4,1,0,0,40,10,1
26474,51,0,27166,3,0,12,0,4,1,0,0,40,38,0
43709,55,5,477867,0,0,3,0,4,1,0,0,40,38,1
36206,33,5,272359,0,0,11,0,4,1,7298,0,80,38,1
9773,17,3,213354,5,1,5,3,4,1,0,0,6,38,0
1795,41,0,29606,1,0,0,5,0,0,0,0,40,38,1
41645,45,5,210364,3,0,11,0,4,1,15024,0,80,38,1
42299,23,3,161478,1,1,7,3,1,0,0,0,23,38,0
33670,42,3,529216,3,2,13,2,2,1,0,0,40,38,0
39594,56,3,117872,1,0,2,0,2,1,0,0,40,38,1
13622,43,3,108682,1,0,6,0,4,1,0,0,40,38,1
45775,39,6,142897,1,1,3,4,4,0,0,0,50,38,0
13318,32,3,177695,0,0,2,0,1,1,0,0,45,18,0
12326,33,3,182714,0,1,3,1,4,0,0,0,40,38,0
25305,51,5,132341,3,0,3,0,4,1,0,0,45,38,1
5855,57,6,388225,1,0,9,0,4,1,0,0,40,38,1
6386,40,3,132633,1,2,11,4,4,0,0,1741,40,38,0
7157,35,3,150309,1,0,13,0,0,1,0,1887,40,38,1
31311,32,3,193285,3,1,2,3,4,1,0,0,40,38,0
2438,64,8,285742,5,0,14,0,4,1,0,0,50,38,1
41973,39,3,65738,4,1,7,1,4,0,0,0,32,38,0
44189,61,3,159822,5,0,2,0,4,1,7688,0,40,30,1
38387,24,6,27939,1,0,7,0,1,1,0,0,24,41,0
16575,27,3,248402,0,1,12,4,2,0,0,0,40,38,0
48115,44,3,335248,1,2,0,1,4,0,0,0,40,38,0
30180,43,3,106760,3,0,0,5,4,0,0,0,50,1,1
17407,35,3,89508,3,0,13,0,4,1,0,0,50,38,1
23214,29,3,224858,1,0,9,0,4,1,0,0,45,38,0
33453,57,4,180211,4,0,9,0,1,1,0,0,50,35,1
12103,36,3,193815,1,0,2,0,4,1,0,0,50,38,1
2121,28,3,216178,0,0,3,0,4,1,0,0,50,38,1
11957,48,3,178313,3,0,11,0,4,1,0,0,60,38,0
18523,51,3,204322,1,0,5,0,4,1,0,0,40,38,1
27286,28,6,38309,0,1,9,3,4,1,6849,0,40,38,0
27044,28,3,126129,1,1,0,1,4,0,0,0,40,38,0
31386,44,4,456236,1,2,11,3,4,1,0,0,45,38,1
11783,34,3,188246,3,0,5,0,4,1,0,0,40,41,0
34770,66,5,140456,0,0,11,0,4,1,0,0,40,38,1
11463,38,1,218763,4,2,9,4,4,0,0,0,40,38,0
39467,24,3,62952,3,1,2,3,4,1,0,0,40,38,0
3231,47,3,200734,3,2,8,1,2,0,0,0,50,26,0
11444,42,4,557349,0,0,3,0,4,1,0,0,70,38,0
35904,43,3,124436,1,0,9,5,4,0,0,0,40,38,1
45491,24,3,233280,1,1,11,3,4,0,0,0,37,38,0
2553,27,3,122913,5,0,13,0,4,1,0,0,40,38,0
21504,61,3,73809,1,2,0,1,4,0,0,0,40,38,0
35888,25,3,238964,1,0,2,0,4,1,0,0,60,38,1
21343,62,3,178745,3,0,2,0,4,1,0,0,45,38,1
25743,26,3,189590,1,1,0,1,4,1,0,0,30,38,0
33344,49,3,124672,3,0,2,0,4,1,0,0,40,38,1
31633,56,5,110238,0,1,9,1,4,0,0,0,40,38,1
33647,38,3,48779,1,0,13,0,4,1,0,0,40,38,1
39713,30,3,541343,5,0,7,0,2,1,0,0,40,38,0
12493,45,3,277434,1,2,0,1,4,1,0,0,50,38,0
2500,27,3,142621,0,1,9,1,4,0,0,0,40,38,0
4004,50,6,143822,2,0,9,0,4,1,15024,0,40,38,1
15857,49,3,27614,3,2,6,1,4,0,0,0,40,38,0
41930,37,3,189674,0,2,3,4,2,0,0,0,40,38,0
44317,31,5,144949,0,2,2,1,4,1,0,0,60,38,0
42688,59,4,133201,5,0,4,0,4,1,0,0,40,21,0
4215,52,3,214091,3,3,7,1,0,0,0,0,40,38,0
23448,68,8,484298,5,0,14,0,4,1,0,0,30,38,0
12127,44,4,171615,4,0,9,0,4,1,0,0,55,38,1
31415,25,0,406955,3,1,0,2,4,0,0,0,40,38,0
18186,44,3,161819,3,0,6,0,4,1,0,0,40,38,1
1153,41,3,171839,4,0,7,5,4,0,0,0,50,38,1
39830,54,6,166774,4,1,9,1,4,0,0,0,45,38,1
43893,37,3,336880,1,0,13,0,4,1,0,0,50,38,0
2120,41,3,231507,3,2,11,4,4,0,0,0,40,38,0
10404,39,3,162370,0,0,3,0,4,1,0,0,40,38,1
28321,37,3,326886,3,0,13,0,4,1,0,0,40,38,0
46190,43,5,101534,1,0,3,0,4,1,0,1902,15,38,1
21634,34,1,194325,3,0,13,0,4,1,0,0,45,38,0
28851,20,3,344278,5,2,7,3,4,0,0,0,40,38,0
2724,42,3,212894,4,0,9,0,4,1,0,0,23,38,1
43739,34,1,234096,1,0,9,0,4,1,0,0,40,38,1
20170,53,3,225768,1,0,2,0,2,1,0,0,40,38,1
6774,56,3,225267,1,2,11,1,4,1,14084,0,60,38,1
37094,28,3,274579,3,0,13,0,4,1,0,0,60,38,0
16209,29,3,288229,3,0,12,5,1,0,4386,0,45,38,1
34965,59,4,169982,1,0,3,0,4,1,15024,0,60,38,1
5494,40,1,241851,4,0,3,0,4,1,0,0,50,38,1
24303,32,8,123971,5,2,14,1,4,0,0,0,49,38,0
34278,30,3,326199,5,0,2,0,4,1,2580,0,40,38,0
46044,41,3,199018,4,0,3,0,4,1,0,0,40,38,1
6010,40,3,86143,1,0,5,3,1,1,0,0,40,29,0
44659,28,3,198197,0,1,9,1,4,1,0,0,55,38,1
27321,46,5,43348,4,0,3,0,4,1,15024,0,55,38,1
33568,58,3,147989,3,0,13,0,4,1,0,0,40,38,1
18678,21,8,79728,1,1,14,3,4,0,0,0,40,38,0
29477,23,3,185554,0,1,9,3,4,0,0,0,40,38,0
17020,42,3,279914,0,0,12,0,4,1,0,0,40,38,1
47051,24,3,202721,1,1,0,3,2,0,0,0,40,38,0
19459,58,5,197665,3,1,7,4,4,0,0,0,45,38,0
16353,29,5,162298,0,0,11,0,4,1,0,0,70,38,1
2210,30,3,267281,0,1,9,1,4,1,0,0,50,38,0
30843,38,3,220237,1,0,2,0,4,1,0,0,40,41,1
2606,54,0,147629,4,0,9,0,4,1,7298,0,35,38,1
21863,33,3,172664,1,0,3,0,4,1,0,0,70,38,1
45889,41,4,114580,4,0,3,5,4,0,0,2415,55,38,1
7946,62,3,170969,1,0,2,0,2,1,0,0,40,38,1
12471,36,3,224541,5,0,5,0,4,1,0,0,40,7,0
32938,34,5,319165,2,0,9,0,4,1,0,0,50,38,1
17505,38,3,22245,4,0,13,0,4,1,0,0,72,41,1
47024,21,3,187088,1,1,0,3,3,0,0,0,20,4,0
7346,46,1,99971,3,0,10,0,4,1,0,0,56,38,1
29039,47,3,121836,4,0,0,5,4,0,7688,0,38,38,1
1392,33,3,504725,5,0,13,0,4,1,3464,0,40,25,0
2862,48,5,49275,1,0,4,0,4,1,0,1485,50,38,0
3466,56,3,126677,3,0,6,0,4,1,3103,0,40,38,1
24928,25,3,282612,1,1,12,4,2,0,0,0,40,38,0
18222,56,3,31782,5,0,11,0,4,1,0,0,40,38,0
33723,25,3,209227,0,1,9,3,4,0,0,0,21,38,0
33749,21,3,152389,1,1,7,1,2,0,0,0,30,38,0
36416,38,3,217349,1,2,9,1,4,0,14344,0,40,38,1
34512,44,3,145160,3,1,2,2,4,1,0,0,58,38,0
5544,30,3,157911,1,0,0,5,4,0,0,0,40,38,1
18837,55,3,320835,0,0,11,0,4,1,0,0,50,38,1
46100,52,8,244214,3,0,14,0,4,1,0,0,35,38,0
24095,26,3,89648,0,1,3,1,4,0,0,0,50,38,0
4109,33,3,49027,3,1,6,1,4,0,0,0,40,38,0
11849,27,3,110663,3,0,11,0,4,1,0,0,50,38,0
38322,47,5,122307,0,0,11,0,4,1,0,1887,40,38,1
12222,36,3,109133,0,0,11,0,4,1,0,0,50,38,1
18570,42,5,121718,3,0,2,0,4,1,0,0,24,38,0
16672,27,3,301302,0,1,2,1,4,1,0,0,50,38,0
19029,32,3,281437,1,0,13,0,4,1,0,0,55,38,0
12534,42,3,212760,1,0,11,0,4,1,0,0,60,38,1
9246,36,3,168055,0,0,3,0,4,1,5178,0,40,38,1
9468,39,5,306678,3,0,3,0,4,1,0,0,40,38,1
28978,47,3,181652,3,2,0,1,4,0,0,0,40,38,0
17932,36,5,136028,5,0,2,0,4,1,0,0,30,38,0
13812,31,3,230912,1,1,0,1,4,0,0,0,55,38,0
34802,26,3,272618,0,0,11,0,4,1,0,0,55,38,0
45222,28,3,166320,3,1,9,1,4,1,0,0,40,38,0
8360,37,3,237943,1,0,2,0,4,1,0,0,50,30,0
28586,30,3,149787,1,0,5,0,4,1,0,0,40,38,0
21949,51,3,306108,2,1,9,1,4,1,0,0,40,38,1
3623,53,3,175029,3,0,3,0,4,1,0,0,50,38,1
41414,33,3,123920,1,1,3,1,2,0,0,0,40,38,0
8954,47,1,358668,0,2,9,1,4,1,0,0,48,38,0
37578,39,3,90646,1,2,0,4,4,0,0,0,40,38,0
17884,57,3,236944,3,0,6,0,2,1,0,0,40,38,1
43449,56,3,197369,5,0,3,0,4,1,0,0,40,38,1
4955,39,3,141748,3,0,13,0,4,1,0,1887,40,38,1
6467,47,3,380922,4,0,3,0,4,1,15024,0,50,38,1
17385,34,5,196791,1,0,9,5,4,0,0,0,25,38,1
34042,66,3,151227,0,0,7,0,4,1,0,0,40,38,1
8575,48,3,103743,1,0,13,0,4,1,0,2002,70,38,0
38865,21,3,317175,3,1,13,1,4,1,0,0,60,38,0
27040,37,3,321943,4,0,9,0,4,1,0,0,40,38,1
19414,45,3,67716,3,1,2,3,4,1,10520,0,48,38,1
43384,37,3,222450,5,0,6,0,4,1,0,0,40,25,0
7144,30,3,256970,4,0,9,5,4,0,0,0,35,38,1
34577,39,3,63021,1,2,7,1,4,0,0,0,20,38,0
35707,31,3,139753,0,1,0,1,4,0,0,0,40,38,0
43072,20,8,348148,5,1,14,3,2,1,0,0,40,38,0
15740,39,5,176900,3,0,7,0,4,1,0,0,50,38,1
28159,44,3,358199,1,0,11,0,4,1,0,0,45,38,1
17392,33,3,35378,0,0,11,5,4,0,0,0,45,38,1
14822,39,1,187385,4,0,9,5,4,0,0,0,28,38,1
25444,41,1,185057,4,1,9,1,4,0,0,0,40,38,0
4208,38,6,162424,0,0,9,0,4,1,0,0,40,38,1
25769,38,3,129591,1,0,2,0,4,1,0,0,40,38,0
33148,49,3,160167,1,0,0,0,4,1,0,0,40,38,0
43538,61,3,225970,3,0,12,0,4,1,0,0,40,38,1
35369,43,3,130126,0,0,3,0,4,1,15024,0,50,38,1
40580,39,8,361838,0,0,14,5,4,0,0,0,6,38,1
17597,35,3,119098,2,0,9,0,4,1,7298,0,40,38,1
11873,71,3,244688,5,0,13,0,4,1,6514,0,40,38,1
25319,25,3,75759,3,0,13,0,4,1,0,0,44,38,1
5357,52,3,128814,1,2,7,4,4,0,0,0,50,38,0
11952,26,0,56419,4,1,9,1,1,0,0,0,20,34,0
31116,44,3,119281,4,0,9,0,4,1,0,0,50,38,1
44440,62,1,115763,4,0,9,5,4,0,0,0,40,38,1
8603,45,1,265477,4,0,9,0,4,1,0,0,40,9,1
25933,44,3,120057,1,0,3,0,4,1,4386,0,45,38,1
6006,27,1,230997,0,1,9,1,4,0,0,0,45,38,0
2239,63,3,187919,4,0,9,0,4,1,5013,0,45,38,0
12868,47,3,98828,3,3,9,4,3,0,0,0,35,32,0
42681,39,3,80638,1,0,7,0,1,1,0,0,84,38,1
32799,49,3,236586,3,0,0,0,4,1,0,0,40,38,1
37709,19,8,218471,3,1,14,3,4,0,0,1602,30,38,0
3155,25,3,284061,1,1,12,1,4,1,0,0,45,38,0
28976,22,6,156773,1,1,9,1,4,1,0,0,15,41,0
24283,66,8,213149,1,0,14,0,4,1,0,1825,40,38,1
38259,41,1,34987,0,0,9,0,4,1,0,0,35,38,1
18461,36,3,393673,1,0,3,5,4,0,0,0,50,38,1
36254,33,3,312055,0,1,3,1,4,1,0,0,40,38,0
33994,21,3,189013,1,1,11,3,4,0,0,0,35,38,0
19424,32,3,295589,4,0,3,0,2,1,0,1977,40,38,1
5737,46,1,85341,4,0,9,0,4,1,0,0,56,38,0
42032,38,1,194630,0,1,10,1,4,0,4787,0,43,38,1
4948,55,6,100285,0,2,0,1,4,1,10520,0,40,38,1
30427,50,3,109277,5,0,6,0,4,1,0,0,48,38,0
26495,39,5,142573,1,1,2,1,4,1,0,0,25,38,0
37370,24,3,233499,1,0,13,0,4,1,0,0,40,38,1
48600,54,3,219737,3,3,11,1,4,0,0,0,37,38,0
19479,39,3,208778,3,0,6,5,4,0,0,0,40,38,1
1214,53,5,163826,1,0,9,0,4,1,0,0,45,38,1
19774,35,3,148903,3,0,7,5,4,0,0,0,16,38,1
38177,34,3,104293,0,1,0,3,4,0,0,0,40,38,0
30647,42,3,87284,4,0,9,0,4,1,7298,0,35,38,1
21532,36,1,196529,4,0,9,5,4,0,0,0,40,38,1
37791,49,4,58359,1,0,3,0,4,1,15024,0,50,38,1
36919,39,3,99146,4,0,9,0,4,1,0,0,40,41,1
40457,39,6,218249,1,2,9,4,2,0,0,0,37,38,0
11121,62,5,210064,1,3,9,4,4,1,0,0,20,38,0
30230,66,8,260111,1,0,14,0,4,1,0,0,40,38,1
14375,30,3,53206,0,0,9,0,4,1,0,0,47,38,1
28734,20,3,281356,3,0,5,0,3,1,0,0,40,38,0
9560,28,3,335542,3,0,7,5,4,0,0,1628,50,38,0
11510,27,3,220931,3,2,0,4,4,0,0,0,32,38,0
21908,35,1,215419,1,2,0,4,4,0,0,0,40,38,0
33583,60,3,132529,3,0,7,0,4,1,0,0,40,38,0
46245,56,3,235197,3,1,0,1,4,0,0,0,38,38,0
15611,48,1,212050,1,0,9,0,4,1,0,0,40,38,1
19743,31,3,329301,3,2,13,1,4,1,0,0,55,38,0
28697,57,3,279636,1,1,2,1,4,1,0,0,40,38,1
9558,20,3,228709,1,0,5,0,2,1,0,0,40,38,0
22457,27,3,269354,0,0,11,0,4,1,0,0,25,41,0
45618,21,0,181096,1,1,12,3,2,1,0,0,20,38,0
38800,40,3,272343,3,0,0,5,4,0,0,0,40,38,1
36211,66,3,169435,3,3,2,1,4,1,0,0,16,38,0
3229,24,3,216853,3,0,3,0,4,1,0,0,37,38,0
27590,49,3,247294,3,0,2,0,4,1,0,0,45,38,1
37184,23,3,211160,5,0,5,3,4,1,0,0,40,38,0
16380,32,0,249409,3,1,7,3,2,1,0,0,40,38,0
13171,58,3,111209,3,0,4,0,4,1,0,0,45,38,0
21868,31,3,34572,1,0,5,0,4,1,0,0,45,38,0
29691,25,3,203871,1,0,9,5,4,0,0,1887,40,38,1
25105,58,3,372181,3,2,11,4,4,0,0,0,40,38,1
26492,44,6,244974,0,0,10,0,4,1,0,0,44,38,1
37565,35,3,167735,5,1,2,3,4,1,6849,0,40,38,0
43035,42,5,101709,1,0,2,0,1,1,2885,0,40,38,0
17809,52,3,118025,0,0,3,0,4,1,99999,0,50,38,1
27464,40,3,187376,1,0,11,0,4,1,0,0,60,38,1
15088,90,3,197613,3,1,0,1,4,0,0,0,40,38,1
11597,21,3,228649,3,1,2,3,4,1,0,0,40,38,0
17062,28,3,196690,1,1,6,1,4,0,0,1669,42,38,0
23415,37,3,175759,0,0,12,0,4,1,0,0,40,38,1
9333,44,3,97159,0,0,2,0,4,1,0,0,40,38,1
31719,23,3,122048,3,1,6,2,4,0,0,0,40,38,0
19860,21,8,180303,0,1,14,1,1,1,0,0,25,41,0
46328,32,0,90653,3,1,3,4,4,0,0,1380,40,38,0
25659,53,3,193720,1,0,3,0,4,1,0,1977,40,38,1
23353,32,3,245482,3,0,6,0,1,1,0,0,40,41,0
11739,32,3,265638,1,0,10,0,2,1,0,0,60,38,0
27397,52,4,254211,4,0,9,0,4,1,15024,0,60,38,1
44453,47,3,97883,0,3,8,4,4,0,25236,0,35,38,1
7725,41,3,222813,1,0,11,0,4,1,0,0,45,38,1
36065,35,3,126675,3,2,2,1,4,1,0,0,46,41,0
896,25,3,221757,0,1,3,1,4,1,0,0,50,38,0
21743,39,3,102953,0,0,11,0,4,1,7298,0,55,38,1
15722,40,3,229148,3,2,2,1,2,1,0,0,40,38,0
14241,38,3,27016,3,0,4,0,4,1,0,0,43,38,0
34733,61,3,298400,0,2,11,1,2,1,4787,0,48,38,1
32077,21,3,223352,3,1,7,1,4,0,1055,0,30,38,0
17426,33,3,354573,4,0,9,0,4,1,15024,0,44,38,1
16225,52,3,240612,3,0,9,5,4,0,0,0,40,28,1
10547,47,1,246891,4,2,9,4,4,1,0,0,45,38,1
887,36,3,151764,1,0,11,0,4,1,5178,0,40,38,1
48415,63,3,45912,3,3,7,2,4,0,0,0,40,38,0
20128,44,3,103459,3,0,11,5,4,0,0,0,40,38,1
41382,36,4,107218,1,2,11,4,1,1,0,0,55,38,0
36524,37,3,109133,4,2,3,1,4,1,27828,0,60,19,1
4381,28,3,213236,3,2,7,4,4,1,0,0,40,5,0
2488,37,1,76845,4,1,9,1,2,1,0,0,40,41,0
31316,39,3,322143,5,0,13,0,4,1,15024,0,70,38,1
9780,46,1,200727,4,0,9,0,4,1,0,0,50,38,1
44972,28,1,135567,0,1,0,1,2,0,4101,0,60,38,0
35719,58,8,266792,1,0,14,0,4,1,99999,0,40,38,1
7269,46,3,114120,1,2,12,1,4,0,0,0,38,38,0
10745,35,3,285000,0,1,9,1,4,1,0,0,45,38,0
9824,43,3,303426,3,2,7,4,1,1,5721,0,40,29,0
32583,83,5,213866,3,3,3,1,4,1,0,0,8,38,0
39233,35,3,56201,1,0,4,0,4,1,0,0,40,25,0
34959,70,5,124449,4,0,3,0,4,1,0,2246,8,38,1
8479,28,3,66414,0,0,9,0,4,1,0,0,40,38,0
12805,50,3,98815,1,0,0,0,4,1,0,0,46,38,1
19559,59,0,31840,3,0,2,0,4,1,0,0,40,38,1
46555,51,4,129525,3,1,11,2,4,1,0,0,40,41,0
28232,48,3,50402,1,2,6,4,4,1,0,0,40,38,0
31798,49,3,62546,0,0,3,0,4,1,0,0,40,38,1
27280,34,3,195576,0,0,3,0,4,1,0,0,50,38,1
13324,38,3,49115,3,0,6,0,4,1,0,0,40,38,1
14896,34,5,338042,3,0,4,0,4,1,0,0,60,38,0
38554,61,0,197311,4,3,9,4,4,0,0,0,40,38,0
48254,23,3,263886,1,1,11,1,2,0,0,0,20,38,0
30291,45,3,160647,0,2,0,4,4,0,4687,0,35,38,1
2501,44,4,327573,4,2,9,1,4,1,0,0,40,38,0
9498,40,3,114200,3,1,3,1,4,1,0,0,40,38,0
20961,39,3,173175,0,0,3,0,4,1,15024,0,50,38,1
39539,31,4,103435,3,0,3,0,4,1,0,0,50,38,0
30277,30,3,183620,3,0,11,0,4,1,0,0,45,38,0
37479,71,4,118119,1,0,3,0,4,1,20051,0,50,38,1
13500,38,4,139364,0,0,2,0,4,1,15024,0,35,38,1
24296,34,3,202450,3,0,2,0,4,1,0,0,55,38,1
35173,32,3,231413,3,0,6,0,4,1,0,0,40,38,1
16857,18,8,165532,5,1,14,3,4,1,0,0,25,38,0
6655,49,1,40690,0,1,9,4,4,1,0,0,60,38,1
34219,41,3,372682,1,0,0,5,4,0,0,0,40,38,1
9752,19,8,194404,1,1,14,3,4,0,0,0,32,38,0
38984,47,1,166863,3,0,3,0,4,1,0,0,40,38,1
18994,39,3,185520,1,2,3,1,4,0,8614,0,40,38,1
21266,29,3,299705,1,1,5,4,2,1,0,0,37,38,0
20472,26,3,76996,1,1,6,1,2,0,0,0,38,38,0
10065,52,8,129893,3,0,14,0,2,1,0,1579,30,38,0
45146,47,3,264052,0,0,3,0,4,1,15024,0,50,38,1
2506,38,5,111499,4,1,9,1,4,0,0,0,32,38,0
42434,18,3,322999,1,1,7,3,4,0,0,0,20,38,0
5083,56,3,292710,3,0,11,0,4,1,0,0,40,38,1
2565,61,3,197286,0,0,6,0,4,1,0,0,40,38,1
12958,20,3,20057,1,1,10,1,0,0,0,0,40,38,0
37441,36,3,162424,3,0,2,0,4,1,0,0,45,38,0
34301,45,1,148254,4,2,9,1,4,0,0,0,35,38,0
23971,34,3,228873,2,0,9,0,4,1,0,0,45,38,1
24564,38,3,326886,1,0,3,0,4,1,0,0,45,38,1
26659,26,3,102420,0,1,11,1,1,0,0,0,40,34,0
37245,49,1,37353,4,0,3,0,4,1,0,0,40,38,1
44746,32,3,311524,3,1,2,3,2,1,0,0,38,38,0
45673,56,3,92215,5,2,2,1,4,0,0,0,40,38,1
27394,55,3,220262,3,2,11,1,4,0,0,0,40,38,0
10429,25,3,152246,1,1,5,3,1,1,0,0,40,27,0
45082,45,3,126889,0,0,11,0,4,1,0,1887,60,38,1
40268,40,3,107433,0,0,3,0,4,1,0,1977,50,38,1
12005,43,5,37869,0,0,9,0,4,1,0,1977,40,38,1
34470,42,3,119359,4,0,11,5,0,0,15024,0,40,34,1
37523,19,8,252752,3,1,14,3,2,1,0,0,35,38,0
43888,60,3,71683,5,0,6,0,4,1,0,0,49,38,0
9424,18,5,58700,5,1,4,2,3,0,0,0,40,25,0
27605,65,3,113323,1,0,3,0,4,1,3818,0,40,38,0
27,23,3,134446,3,2,6,4,2,1,0,0,54,38,0
2620,37,4,593246,0,1,7,1,4,0,0,0,50,38,1
20661,35,3,340110,0,0,3,0,4,1,0,1848,70,38,1
44104,53,0,167380,3,0,13,0,4,1,0,1740,50,38,0
2530,47,3,182655,1,0,12,0,4,1,0,0,52,38,1
17480,50,3,75472,3,0,2,0,4,1,4386,0,40,41,0
39624,36,4,306156,1,0,11,0,4,1,15024,0,60,38,1
36082,37,3,281751,1,2,7,4,4,0,0,0,30,38,0
32498,51,3,189762,1,0,3,5,4,0,0,0,15,38,1
38797,41,3,152958,3,0,2,0,4,1,0,0,40,38,1
13419,53,4,99185,3,0,2,0,4,1,0,0,80,11,0
42735,28,1,220754,3,2,13,3,4,0,0,0,25,38,0
21090,33,3,209900,1,1,12,3,4,1,0,0,20,38,0
30841,33,3,222221,3,0,3,0,4,1,7298,0,45,38,1
26649,49,3,186982,1,2,3,1,4,0,0,0,45,38,1
12230,40,3,200671,3,2,6,3,2,1,0,0,40,38,0
19525,42,1,147510,0,2,9,4,4,1,0,0,40,38,0
18526,51,3,128143,1,0,2,0,4,1,0,0,40,38,1
29447,53,1,202733,4,0,3,0,4,1,7688,0,70,38,1
41222,48,0,497486,3,1,0,4,4,0,1471,0,40,38,0
43644,62,6,202056,0,2,9,1,4,1,14084,0,40,38,1
18384,43,4,172826,1,0,11,0,4,1,99999,0,55,38,1
39740,83,4,240150,5,0,4,0,4,1,20051,0,50,38,1
43695,59,3,24384,3,3,8,1,4,0,0,0,40,38,0
20951,33,3,198003,1,0,2,0,4,1,7298,0,50,38,1
30187,25,3,242729,0,1,11,3,4,0,0,0,20,38,0
1883,34,3,144949,3,2,5,3,4,1,0,0,35,38,0
364,55,3,197399,3,0,2,0,4,1,0,0,50,38,1
2635,32,3,108256,5,0,13,0,4,1,0,0,60,38,1
32965,40,3,123306,1,0,9,0,4,1,0,0,40,38,1
14720,38,3,276552,1,0,9,0,4,1,0,0,50,38,0
30569,51,5,111939,3,0,13,0,4,1,0,0,35,38,1
21733,28,3,153475,0,1,0,3,4,0,0,0,16,7,0
41169,54,3,103580,1,2,3,4,4,0,0,0,55,38,1
37218,33,3,169496,0,0,3,0,4,1,0,0,50,38,1
15216,19,3,114066,1,1,0,3,4,0,0,0,26,38,0
18157,44,3,144778,1,2,3,1,4,1,0,0,45,38,1
40083,41,3,264663,1,2,9,3,4,0,0,3900,40,38,0
26491,90,5,282095,1,0,4,0,4,1,0,0,40,38,0
18196,42,1,121718,4,0,3,0,4,1,0,1902,60,38,1
30544,33,3,318982,1,0,3,0,4,1,0,0,45,38,1
35367,24,3,152176,1,1,5,1,4,1,0,0,39,38,0
37947,18,8,42293,5,1,14,3,4,0,0,0,30,38,0
15461,55,5,340171,3,2,2,1,2,1,0,0,40,38,0
48049,45,3,49298,0,1,12,3,4,1,0,0,40,38,0
40795,30,3,207937,4,2,9,1,4,1,10520,0,50,38,1
7039,37,4,347491,1,0,3,0,4,1,0,0,50,38,1
769,56,6,133728,1,0,3,0,4,1,0,0,35,38,1
29797,45,1,364563,3,0,13,0,4,1,0,0,40,38,1
30923,62,3,114060,5,0,10,0,4,1,0,0,91,38,0
18877,23,3,133985,5,1,2,3,2,0,0,0,40,38,0
11787,41,0,33487,1,2,0,2,0,0,0,0,38,38,0
13692,51,3,161599,0,2,0,1,4,0,0,0,40,41,0
20046,55,3,171780,1,2,11,4,2,0,0,0,30,38,0
22880,39,3,179668,0,0,12,0,4,1,15024,0,40,38,1
16067,44,3,132921,1,1,9,1,4,0,0,0,36,38,0
34320,40,3,377322,3,0,2,0,2,1,0,0,40,38,1
34408,36,3,484024,3,2,6,4,4,1,0,0,40,38,0
25920,46,3,330087,0,0,3,0,4,1,0,0,55,38,1
25239,32,5,70985,3,0,4,0,4,1,4064,0,40,38,0
25814,48,5,167918,4,0,11,0,1,1,0,0,50,18,0
18060,43,3,193882,1,0,11,0,4,1,7688,0,40,38,1
39384,48,1,144122,4,2,9,1,4,0,0,0,40,38,1
7599,22,3,324685,5,1,11,1,4,0,0,0,32,38,0
13721,53,3,208122,1,0,13,0,3,1,0,0,60,38,1
43001,23,3,101885,5,1,2,1,4,0,0,0,40,38,0
25023,50,3,108435,4,0,3,0,4,1,99999,0,60,38,1
44454,49,6,269417,2,1,3,1,4,0,0,2258,50,38,1
48477,41,4,64506,3,0,4,0,4,1,0,0,50,38,0
1030,23,3,211345,1,1,0,3,4,0,0,0,40,26,0
41056,45,5,328051,4,1,9,1,4,0,0,0,60,38,0
22317,40,3,170214,3,0,13,0,4,1,0,0,40,38,1
39587,29,3,114870,1,2,2,3,4,1,0,0,40,38,0
9135,20,8,156916,1,1,14,3,2,0,0,0,40,38,0
48192,32,3,127451,1,0,9,0,4,1,0,0,38,38,1
10184,29,3,606111,0,2,3,1,4,0,0,0,40,38,0
19749,38,1,116580,0,0,9,5,4,0,0,0,20,38,1
26850,40,1,243580,0,0,9,0,4,1,0,0,48,38,0
46235,55,3,368797,4,0,3,0,4,1,0,1977,60,38,1
43138,47,3,102628,4,0,3,0,4,1,15024,0,55,38,1
46517,23,6,314645,1,1,0,1,4,0,0,0,25,38,0
25674,38,3,290306,3,0,2,0,4,1,0,0,40,38,1
46820,45,3,172274,2,2,9,4,2,0,0,3004,35,38,1
32293,46,3,192779,0,1,11,1,4,1,0,0,45,38,1
25207,73,3,333676,3,0,4,0,4,1,0,0,50,38,0
21034,47,3,379118,5,0,2,0,2,1,0,0,60,38,1
26400,45,6,198660,1,0,9,0,4,1,0,0,40,38,1
4064,58,6,21838,2,0,9,0,4,1,7688,0,50,38,1
39386,57,0,170066,1,1,12,1,4,1,0,0,40,38,0
35252,32,3,133861,0,1,3,1,4,1,13550,0,48,38,1
15284,36,3,143912,3,2,13,1,4,1,0,0,45,38,0
34854,37,1,365430,1,0,2,0,4,1,5178,0,40,38,1
15117,35,3,138441,3,0,0,0,4,1,0,0,40,38,0
22563,39,3,65027,1,0,13,0,4,1,0,0,43,38,0
17000,34,3,217460,0,0,3,0,4,1,0,0,45,38,1
32209,58,3,126104,4,2,0,1,4,0,0,1980,45,38,0
33432,48,3,40666,5,0,5,0,4,1,0,0,60,38,0
48527,32,5,116508,1,0,4,0,4,1,0,0,50,38,1
27351,29,3,103628,1,0,0,5,4,0,0,0,40,38,1
21327,46,3,58126,3,0,2,0,4,1,0,0,40,38,0
17864,39,3,128715,3,2,0,1,4,1,10520,0,40,38,1
26150,34,3,228881,1,2,6,1,3,1,0,0,40,38,0
48715,34,3,213307,3,1,5,4,4,0,7443,0,35,38,0
39110,61,0,151369,4,0,9,0,4,1,0,0,50,38,1
5591,29,3,306420,3,0,2,0,4,1,0,0,45,38,1
20982,36,3,167482,5,1,5,1,4,1,0,0,40,38,0
17686,24,3,241523,3,0,7,0,4,1,0,0,45,38,1
26171,59,3,271571,1,0,2,0,4,1,15024,0,50,38,1
20021,46,6,222374,3,0,7,0,4,1,0,0,43,38,1
47156,31,3,174704,3,2,11,4,2,1,0,0,50,38,0
24351,19,3,271521,3,1,7,2,1,1,0,0,24,38,0
23737,39,3,272950,0,0,2,0,4,1,0,0,45,38,1
15379,48,3,366089,2,0,9,0,4,1,0,0,45,38,1
8778,46,3,53540,1,2,9,1,2,0,0,0,40,38,1
13571,58,1,81132,3,0,5,0,1,1,0,0,80,29,1
46840,27,3,141545,3,0,13,0,4,1,0,1902,45,38,0
32683,24,3,77665,3,1,2,1,4,1,0,0,42,38,0
20336,50,4,156623,4,0,9,0,1,1,7688,0,50,29,1
31875,34,3,202822,4,1,12,4,2,0,0,0,40,41,0
26876,20,3,140001,1,1,0,3,4,1,0,0,40,38,0
1643,22,3,208946,1,1,11,3,4,1,0,0,30,41,0
32306,38,5,93206,0,0,3,0,1,1,0,1902,65,38,1
36912,39,3,160123,3,3,0,1,4,0,0,0,40,38,0
37360,46,1,324561,4,0,9,5,4,0,0,0,45,38,1
3926,47,1,377401,4,0,9,0,4,1,0,0,40,38,1
39504,30,3,281030,1,0,11,0,4,1,4064,0,40,38,0
40383,35,3,196899,0,1,5,1,1,0,0,0,50,13,0
41120,44,3,227065,0,0,3,0,4,1,0,0,40,38,1
47533,49,3,277946,1,0,3,0,4,1,0,0,50,38,1
43021,30,3,186346,0,1,3,1,4,0,0,0,50,38,0
30352,37,3,151764,1,0,3,0,4,1,0,0,50,38,0
19229,45,3,84790,0,0,9,0,4,1,0,0,55,38,1
39668,48,3,102597,1,2,0,4,4,0,0,0,44,38,0
38356,19,8,61855,3,1,14,2,4,0,0,0,30,38,0
4415,28,5,107458,3,1,2,3,4,1,0,0,45,38,0
43752,54,3,186117,0,0,2,0,4,1,0,0,45,38,1
38125,20,3,39477,1,1,4,1,4,0,0,0,40,38,0
43903,44,3,165346,4,0,3,0,4,1,0,0,40,38,1
10130,45,3,298950,3,0,6,0,4,1,0,0,40,38,0
42523,79,4,183686,0,0,11,0,4,1,0,0,20,38,1
23185,36,3,143486,3,0,13,0,4,1,7298,0,50,38,1
41271,54,3,88019,1,2,13,1,4,1,0,0,55,38,0
24406,53,5,35295,0,1,11,4,4,1,0,0,60,38,1
26976,54,0,21698,0,2,3,4,4,0,0,0,40,38,0
34373,37,1,223020,1,1,7,4,2,0,0,0,32,38,0
33402,54,3,284129,1,0,13,0,4,1,0,0,45,38,1
13761,29,3,57617,1,1,7,1,4,0,0,0,34,38,0
33895,34,3,182926,3,0,2,0,4,1,0,0,43,38,1
980,66,5,183249,0,0,9,0,4,1,0,0,20,38,1
41421,31,6,86143,3,1,10,2,1,1,0,0,40,38,0
25331,44,3,174283,3,0,2,0,4,1,0,0,40,38,1
11080,32,1,247156,3,0,7,0,2,1,3103,0,38,38,1
41207,62,6,198686,3,0,7,0,4,1,0,0,40,38,0
8679,36,3,186934,3,0,3,0,4,1,0,0,50,38,1
6852,42,1,209818,0,2,9,2,4,0,0,0,55,38,0
44372,34,5,156890,3,0,3,0,4,1,0,0,50,38,0
41632,55,3,189528,5,0,2,0,4,1,0,0,50,38,0
45331,19,3,292511,1,1,7,3,4,1,0,0,25,38,0
318,37,3,98776,0,0,3,0,4,1,0,0,40,38,1
25491,28,5,175406,4,0,3,5,4,0,0,0,30,38,1
41071,50,4,167793,4,0,9,0,4,1,0,2415,60,38,1
23839,38,4,159179,4,0,9,0,4,1,0,0,45,38,1
13677,40,3,300838,5,0,2,0,3,1,0,0,40,25,0
26412,17,3,209650,5,1,7,3,4,1,0,0,16,38,0
45942,37,3,177895,1,0,12,5,4,0,5013,0,40,38,0
40817,46,3,368561,0,0,11,0,4,1,0,0,55,38,1
41471,42,3,255667,1,0,2,0,4,1,0,0,50,38,1
994,42,3,196158,1,2,7,1,4,0,8614,0,52,38,1
26306,45,1,102359,0,0,9,0,4,1,0,0,37,38,0
10503,37,3,202683,1,1,12,1,4,1,0,0,35,38,0
10183,26,3,82488,4,1,9,3,1,0,0,0,40,29,1
11308,29,3,485944,0,1,11,3,2,1,0,0,40,38,0
36934,19,3,120277,3,1,7,1,4,0,0,0,30,38,0
28865,42,0,108183,4,0,9,0,1,1,0,1902,40,34,1
9106,51,0,335481,1,2,9,1,2,0,0,0,40,38,1
28138,57,3,222247,5,0,13,0,4,1,0,0,40,38,1
13645,53,1,222405,3,1,7,1,2,1,0,0,40,38,0
38640,20,3,470875,3,0,11,3,2,1,0,0,32,38,0
26334,43,5,225165,5,0,2,0,4,1,0,0,55,38,0
12697,36,6,89625,3,1,10,2,1,0,0,0,40,38,0
27430,42,3,94600,3,0,2,0,4,1,5178,0,40,38,1
5150,51,3,277471,3,0,2,0,4,1,0,0,40,38,1
45879,25,3,236564,3,1,0,1,4,1,0,0,40,38,0
20338,31,3,258849,1,1,0,4,2,0,0,0,40,38,0
25490,22,3,318915,3,1,7,4,4,0,0,0,40,38,0
19896,30,3,19847,1,2,12,3,4,0,0,0,40,38,0
2857,47,3,67229,5,2,13,1,2,0,0,0,40,38,0
14818,42,3,123838,0,0,11,0,4,1,0,0,60,38,1
1753,72,3,249559,3,3,8,1,4,0,0,0,25,38,0
40319,28,3,141957,1,0,12,0,4,1,0,1887,70,38,1
44134,42,8,204817,5,1,14,3,2,1,0,0,35,38,0
18887,21,8,34443,1,1,14,3,4,1,0,0,50,38,0
5697,48,0,102359,3,0,0,0,4,1,0,0,40,38,0
37490,53,3,218630,3,0,6,0,4,1,0,0,40,38,1
47142,26,3,134945,3,1,6,2,4,1,0,0,40,38,0
8425,24,3,51985,3,1,11,3,4,1,0,0,40,38,0
545,38,3,203717,0,0,4,0,4,1,0,0,60,38,0
43042,18,3,188076,5,1,7,3,4,0,0,0,20,38,0
26099,52,0,279337,3,0,0,0,4,1,0,0,40,38,0
15401,32,1,210973,1,1,7,4,2,0,0,0,40,38,0
9477,58,3,315081,1,0,11,0,4,1,0,0,42,38,1
12980,22,3,306868,3,1,5,1,4,1,0,0,30,38,0
43737,40,3,91959,0,0,9,0,4,1,0,0,46,38,1
1611,26,3,269168,1,0,3,0,1,1,0,0,40,38,0
29510,53,3,83434,0,1,7,1,1,0,0,0,21,23,1
21298,27,3,198813,3,2,0,3,2,0,0,0,40,38,0
19393,24,3,219754,3,1,0,3,4,1,0,0,40,38,0
48790,32,3,192965,3,2,11,1,4,0,0,0,45,38,0
39407,40,3,326232,1,2,13,4,4,1,0,0,40,38,1
48437,38,3,59660,0,0,11,0,4,1,7298,0,40,38,1
18738,39,3,105813,3,0,2,0,4,1,0,0,40,38,0
10357,27,5,32280,3,0,4,0,4,1,0,0,40,38,0
5430,47,3,363418,0,0,3,0,4,1,0,0,45,8,1
34188,18,3,131180,5,1,9,3,4,0,0,0,16,38,0
40345,50,4,163921,3,0,11,0,4,1,0,0,48,38,1
46926,56,3,170070,3,0,3,5,4,0,0,0,40,38,1
24249,58,3,289364,1,0,3,0,4,1,7688,0,45,38,1
44221,35,3,148015,0,1,11,3,2,0,0,0,40,38,0
23708,51,3,153486,1,0,5,0,4,1,0,0,40,38,0
45900,44,3,235786,1,0,9,0,4,1,7298,0,45,38,1
16525,38,3,179488,1,2,2,1,4,1,0,1741,40,38,0
48392,44,3,118536,5,0,6,0,2,1,0,0,40,38,0
2963,57,3,259010,1,0,13,0,4,1,0,0,84,38,0
48120,28,3,188171,1,1,13,3,4,1,0,0,60,38,0
33110,44,6,175696,0,0,3,0,4,1,0,0,40,38,1
35320,44,5,167280,0,0,11,0,4,1,0,0,40,38,0
34018,44,3,248249,5,0,5,0,4,1,0,0,50,38,0
36455,21,3,207103,3,1,5,3,4,1,0,0,40,38,0
30562,43,3,483450,5,0,3,0,4,1,0,0,40,25,0
19602,37,3,189922,1,0,12,0,4,1,0,0,50,38,1
41834,45,1,287920,4,0,9,0,4,1,0,0,50,38,1
23584,31,3,183778,0,1,12,1,4,1,0,0,45,38,0
44546,19,3,256979,3,1,2,2,4,1,0,0,35,38,0
10903,66,3,115880,0,0,9,0,4,1,10605,0,40,38,1
19114,58,4,349910,4,0,9,0,4,1,0,1977,50,38,1
34741,29,3,250819,1,1,0,1,4,0,0,0,40,38,0
6023,52,1,182856,4,1,9,1,4,1,10520,0,45,38,1
46596,42,3,276218,3,0,11,5,4,0,0,0,40,38,1
1739,39,3,167482,1,0,11,0,4,1,0,0,40,38,0
41210,29,3,231554,1,0,0,0,2,1,0,0,50,38,0
40120,36,3,225516,1,1,11,1,2,1,10520,0,43,38,1
27634,41,3,114157,3,2,6,3,4,1,0,0,40,38,0
31770,45,3,233511,0,0,3,0,4,1,0,1977,60,38,1
2247,55,4,304695,4,0,9,0,4,1,0,0,55,38,0
29176,42,3,203554,4,0,3,0,4,1,0,0,60,38,1
7489,55,3,194371,3,0,11,5,4,0,0,0,40,1,1
8490,23,3,42401,0,1,3,1,4,1,0,0,50,38,0
26838,46,3,102308,3,0,5,0,4,1,0,0,56,38,1
3632,23,3,124971,0,1,3,1,4,1,0,0,40,38,0
44537,53,4,152810,3,0,2,0,4,1,5178,0,45,38,1
24221,24,3,48343,5,1,7,1,2,0,0,0,40,38,0
48785,50,3,208630,4,2,11,1,4,0,0,0,50,38,1
16427,22,3,175374,1,0,7,0,4,1,0,0,24,38,0
14863,46,1,59174,3,3,9,4,0,0,0,0,33,38,0
3061,42,0,230438,1,0,0,0,4,1,0,1887,40,38,1
47791,42,3,111483,0,0,12,0,4,1,0,0,50,38,1
33281,42,3,145711,4,0,9,0,4,1,0,1902,50,38,1
3505,70,3,177906,1,0,3,0,4,1,6514,0,40,38,1
38855,59,3,308118,1,3,3,1,4,0,0,0,40,38,1
15055,30,3,415922,3,0,2,0,3,1,0,0,32,38,0
29246,33,3,192663,3,2,11,1,4,0,0,0,35,38,0
14940,47,4,147869,3,0,11,0,4,1,0,0,50,38,0
31845,34,3,200192,1,1,7,1,4,0,0,0,40,38,0
2467,26,6,624006,3,0,7,0,4,1,0,0,40,38,0
47648,58,3,117273,1,0,11,0,4,1,0,0,40,38,1
26305,49,3,181717,1,2,9,3,4,0,0,0,36,38,0
10868,55,3,178353,5,2,6,1,4,1,10520,0,60,38,1
43183,78,3,105586,5,0,13,0,1,1,0,0,36,38,0
39589,39,3,284166,0,0,9,0,4,1,0,1902,50,38,1
33141,24,3,109053,3,1,7,2,4,1,0,0,25,38,0
45425,56,3,109015,1,0,3,5,4,0,7688,0,50,38,1
47036,50,1,308764,3,3,13,4,4,0,0,0,40,38,0
10174,53,6,153486,0,0,12,0,4,1,0,0,40,38,1
24718,43,3,115323,0,0,3,0,4,1,3103,0,40,38,1
43727,32,6,190577,0,1,9,3,4,0,0,0,40,38,0
36300,61,3,101500,1,0,0,0,4,1,0,0,40,38,0
27000,36,3,607848,1,0,11,0,4,1,7688,0,45,38,1
7367,22,3,117779,0,1,3,1,4,1,0,0,50,38,0
46686,32,6,147215,0,0,3,5,4,0,0,0,55,38,1
19186,53,3,358056,5,2,7,4,4,0,0,0,40,38,0
19121,44,3,75227,4,1,9,1,4,1,14084,0,40,38,1
27434,29,3,53181,4,0,9,0,4,1,0,0,55,38,1
45873,38,3,125933,0,0,3,0,4,1,0,0,40,41,1
45593,63,3,131519,3,2,3,1,4,0,0,0,40,38,0
29408,35,3,146091,1,1,0,1,4,0,0,0,40,38,0
47292,29,3,57889,0,0,11,0,4,1,0,0,45,38,1
41092,47,3,144844,3,0,2,0,4,1,0,0,40,38,0
5898,65,3,266828,3,3,2,1,4,1,1848,0,40,38,0
21601,28,8,230704,3,1,14,1,2,1,0,0,40,38,0
38978,53,3,94081,0,0,3,0,4,1,0,0,44,38,1
27216,58,3,190997,1,0,3,0,4,1,0,0,40,38,1
21003,24,3,314823,3,1,11,3,4,1,0,0,40,5,0
9722,33,0,198827,3,1,2,3,4,1,0,0,40,38,0
17354,48,6,55863,2,0,9,5,4,0,0,1902,46,38,1
18918,33,3,118941,0,0,3,5,4,0,0,0,40,38,1
7006,42,3,54102,1,2,0,4,4,0,0,0,40,38,0
15841,34,3,46492,3,0,2,0,4,1,0,0,50,38,1
16862,57,3,69884,3,0,11,0,4,1,0,0,40,38,1
41188,28,3,130067,0,0,9,5,4,0,0,0,40,38,1
12092,44,3,213934,3,0,2,0,4,1,2829,0,42,38,0
11143,35,3,177449,0,0,11,0,4,1,0,1887,52,38,1
23147,19,3,235849,3,1,13,3,4,1,0,0,35,38,0
14874,24,3,135267,1,0,0,5,4,0,0,0,40,38,0
34712,33,3,315143,3,0,11,0,4,1,0,0,40,4,1
38817,60,1,165982,4,0,3,0,4,1,0,0,50,38,1
45212,24,3,34506,3,1,6,4,4,0,0,0,40,38,0
83,44,4,223881,3,0,2,0,4,1,99999,0,50,41,1
44740,29,3,152461,0,1,9,4,4,0,14344,0,50,38,1
10298,37,3,342642,1,0,2,0,4,1,0,0,40,38,1
21778,53,0,276868,4,0,0,0,4,1,0,0,40,38,1
28404,21,3,138768,1,1,11,3,4,1,0,0,40,38,0
25697,42,0,132125,0,0,3,0,4,1,0,0,52,38,1
43744,18,3,478380,5,1,11,3,4,0,0,0,25,38,0
42425,36,1,61299,1,0,2,0,4,1,0,0,40,38,0
1811,34,3,121640,1,2,9,1,0,1,0,0,44,38,0
23536,35,6,98776,3,1,12,3,4,1,0,0,40,38,0
27036,23,3,85088,1,1,7,3,4,0,0,0,37,38,0
3574,27,3,399123,3,1,5,2,2,1,0,1719,40,38,0
29308,35,3,52738,1,0,6,0,4,1,0,0,46,38,0
3805,58,3,82050,1,0,13,0,4,1,0,0,60,38,1
28123,35,3,49020,4,0,3,0,4,1,0,0,60,38,1
960,21,8,132053,1,1,14,3,4,0,0,0,35,38,0
5861,51,0,68898,1,0,3,0,4,1,0,0,40,38,1
48237,21,3,63899,5,1,0,2,4,0,0,0,40,38,0
679,48,1,67716,4,0,9,0,4,1,7688,0,50,38,1
12097,24,3,187031,4,1,11,4,2,0,0,0,38,38,0
37199,49,3,192894,3,0,2,0,4,1,0,0,40,38,1
15100,31,3,274818,1,1,0,1,4,0,0,0,40,38,0
34331,36,3,189382,3,0,0,5,4,0,0,0,40,38,1
2035,34,0,153614,1,0,0,0,4,1,0,0,40,38,0
23195,67,8,407618,5,2,14,1,4,0,2050,0,40,38,0
46114,28,3,160981,1,1,0,1,4,0,0,0,52,38,0
19915,41,3,89226,3,2,2,1,4,1,0,0,40,38,0
41022,25,5,259299,1,0,2,0,4,1,3103,0,50,38,1
3922,45,1,375606,0,0,3,0,4,1,0,0,40,38,1
4817,34,3,83800,1,0,7,5,4,0,0,0,30,38,0
24105,51,3,182314,4,0,12,0,4,1,0,0,40,38,1
36765,58,5,450544,0,0,3,0,4,1,0,0,40,38,1
23449,35,3,170617,3,1,6,4,2,0,0,0,48,38,0
17905,31,3,175548,3,1,7,1,3,0,0,0,35,38,0
11208,26,3,166301,0,1,12,1,4,1,0,0,40,38,0
46069,34,3,37646,1,0,2,0,4,1,0,0,65,38,0
38557,39,3,98776,1,2,3,1,4,1,0,0,50,38,1
25038,22,8,335453,1,1,14,3,4,0,0,0,16,38,0
2822,44,3,208606,1,0,6,0,4,1,0,0,40,38,1
36722,44,3,212894,4,2,9,1,4,1,0,0,55,38,1
10370,53,3,361405,3,0,9,0,4,1,0,0,40,38,1
32750,18,3,184016,5,1,11,3,4,0,0,0,20,38,0
35377,25,3,190418,1,1,7,3,4,1,0,0,30,1,0
27481,37,0,289653,3,0,0,0,4,1,0,0,50,38,1
39934,43,3,142682,3,0,13,0,4,1,0,0,30,5,0
46835,22,3,50058,1,1,0,1,4,0,0,0,35,38,0
27302,52,3,96359,2,0,3,0,4,1,0,0,57,38,1
31949,62,0,258124,4,0,0,0,4,1,0,0,40,21,1
12592,25,3,105520,3,1,7,3,2,1,0,0,40,38,0
40733,33,5,134886,0,0,9,5,4,0,0,0,50,38,1
17113,26,3,280093,1,1,5,3,4,1,0,0,40,38,0
26353,18,3,201554,1,1,6,1,4,0,0,0,15,38,0
19386,46,3,176814,4,0,9,0,4,1,99999,0,50,38,1
26873,39,3,103710,3,1,11,4,4,0,0,0,60,38,0
39096,33,3,175412,5,2,2,4,4,1,114,0,55,38,0
44081,25,3,178037,1,1,0,3,4,1,0,0,35,38,0
10386,43,1,211860,3,0,2,0,4,1,0,0,40,38,1
30671,45,3,341995,1,0,9,0,4,1,0,1902,42,38,1
17162,32,3,270335,0,0,0,2,4,1,0,0,40,29,1
47839,36,3,194905,0,3,9,4,4,0,0,0,44,38,0
37098,55,3,141326,3,0,2,0,4,1,0,0,40,38,1
4338,44,5,205033,5,0,3,0,4,1,0,0,55,38,1
11131,39,3,218490,4,0,9,0,4,1,15024,0,60,38,1
19248,75,3,188612,3,3,0,1,4,0,0,0,40,38,0
27407,39,3,156897,3,1,2,3,4,1,0,2258,42,38,1
29090,44,3,279183,1,0,7,3,4,0,0,0,40,38,1
16897,30,3,369027,3,0,13,0,2,1,0,0,45,38,0
17974,53,6,281590,3,0,3,5,4,0,15024,0,40,38,1
35209,25,3,190628,1,0,2,0,4,1,0,0,40,3,0
6371,51,5,194259,4,0,9,5,4,0,15024,0,55,41,1
13402,40,1,50563,4,0,3,0,2,1,0,0,55,38,1
1477,42,4,188738,0,0,3,0,4,1,7688,0,40,38,1
33241,62,3,71751,1,0,3,0,4,1,0,1977,98,38,1
29963,52,3,117295,5,0,3,0,4,1,0,0,50,38,1
15797,70,3,146628,3,0,13,0,4,1,3471,0,33,38,0
29011,44,4,311357,4,0,9,0,4,1,0,0,50,38,1
40037,34,3,345705,0,0,11,0,4,1,0,1977,50,38,1
33289,38,1,236687,1,1,9,3,4,1,0,0,40,38,0
27944,64,3,171373,5,3,4,4,4,0,0,0,40,38,0
43473,34,3,167497,1,0,3,5,4,0,7688,0,50,38,1
29980,24,3,333505,3,1,13,3,4,1,0,0,40,28,0
24593,28,3,144521,3,1,7,3,2,0,0,0,40,38,0
42729,25,3,104993,5,1,5,3,2,1,2907,0,40,38,0
27210,46,3,224559,3,0,13,0,2,1,0,0,40,38,0
30172,48,3,117849,1,0,9,0,4,1,0,0,40,38,1
10851,27,5,198493,3,0,9,0,4,1,0,0,60,38,0
39517,54,4,304570,0,0,6,0,1,1,7688,0,40,41,1
3057,33,3,164864,0,2,9,4,4,0,0,323,40,38,0
3878,35,3,386726,0,0,3,5,4,0,0,0,40,38,0
44706,75,8,125784,1,0,14,0,4,1,0,0,8,38,0
10064,40,3,168294,3,0,2,0,4,1,0,0,40,38,0
16344,42,3,116632,2,0,9,0,4,1,0,0,45,38,1
15780,22,3,164901,5,1,2,2,4,1,0,0,40,38,0
46215,62,3,244087,2,0,9,0,4,1,15024,0,50,38,1
36131,39,3,236391,3,0,13,0,4,1,0,0,50,38,1
11149,33,5,37232,1,2,2,1,4,1,10520,0,80,38,1
34468,46,3,292504,1,1,11,4,4,0,0,0,40,38,0
48717,37,3,40955,4,0,9,0,4,1,0,0,50,38,1
32178,30,3,296453,3,1,2,1,4,1,0,0,35,38,0
6215,33,3,229732,1,1,12,1,4,1,0,0,40,38,0
30259,29,0,124953,1,0,12,0,4,1,0,0,42,38,1
37269,50,3,128478,3,0,13,0,4,1,0,0,70,38,0
34913,47,3,61885,0,0,9,0,4,1,15024,0,50,38,1
33234,44,3,184105,1,0,11,0,4,1,4386,0,40,38,1
36561,36,3,47310,3,1,7,1,2,0,0,0,40,38,0
8635,32,8,339099,1,1,14,4,2,0,0,0,40,38,0
46384,57,0,310320,0,0,12,0,4,1,0,0,48,38,1
8775,42,3,165309,3,1,5,1,4,1,0,0,50,38,0
37865,30,3,197558,3,0,5,0,4,1,0,0,40,38,0
4056,57,3,322691,1,0,2,0,4,1,0,0,40,38,1
46151,40,3,151365,3,2,2,1,4,0,0,0,40,38,0
20624,33,1,43959,4,0,9,0,4,1,7688,0,50,38,1
5796,61,4,190610,0,0,11,0,4,1,0,0,45,38,1
40847,22,3,363219,1,1,7,1,4,0,0,0,20,38,0
44569,36,3,223433,4,0,11,0,4,1,7688,0,50,38,1
38053,38,4,199346,1,0,3,5,4,0,0,0,45,38,0
27787,73,5,190078,1,0,3,0,4,1,0,0,35,38,0
23838,28,5,190836,3,0,11,0,4,1,0,0,50,38,1
15235,19,3,222199,1,1,7,3,4,0,0,0,10,38,0
8719,32,6,59083,3,0,3,0,4,1,0,0,60,38,1
21124,37,0,289653,1,0,2,0,4,1,0,0,40,38,0
11369,39,3,140854,3,0,13,0,4,1,0,1902,60,38,1
26229,41,5,344329,3,0,7,0,4,1,0,0,10,38,0
31096,36,5,186035,4,0,11,0,4,1,0,0,30,38,1
22844,49,3,144844,3,0,13,0,4,1,0,0,52,38,1
559,21,3,151158,1,1,9,1,4,0,0,0,25,38,0
35816,27,5,208577,3,1,2,1,4,1,0,2258,50,38,0
47652,46,3,166809,3,2,0,4,4,0,0,0,40,38,0
8396,28,3,267661,0,1,12,1,4,1,0,0,45,38,0
7773,19,3,277695,5,1,4,1,4,1,0,0,50,25,0
20445,52,3,379682,1,0,7,5,4,0,0,0,20,38,1
27025,38,3,102178,3,0,13,0,4,1,0,0,50,38,0
20398,50,3,144968,3,1,12,3,4,1,0,0,15,38,0
39840,31,3,34374,4,1,9,1,4,1,0,0,50,38,0
28894,21,3,88926,1,1,9,3,4,1,0,0,10,38,0
19453,41,6,355756,1,1,9,1,4,1,0,0,40,38,0
41827,41,3,207779,3,2,7,1,4,0,0,0,40,38,0
44858,43,0,222756,4,0,2,0,4,1,0,0,40,38,0
18481,65,3,90377,1,0,4,0,4,1,6767,0,60,38,0
36058,36,3,86459,1,0,3,0,4,1,0,1887,50,38,1
2045,47,0,231797,0,0,3,0,4,1,0,1977,55,38,1
4450,28,1,169069,3,1,10,1,4,1,0,0,40,38,0
2407,51,0,914061,1,0,0,0,4,1,0,0,44,38,1
9373,32,3,100135,1,1,7,3,4,0,0,0,15,38,0
40766,63,8,310396,5,0,14,0,4,1,5178,0,40,38,1
44980,53,5,101432,3,0,11,0,4,1,0,0,50,38,0
43892,39,5,50096,1,0,4,0,4,1,0,0,80,38,0
10463,68,5,338432,3,0,4,0,4,1,0,0,50,38,0
40480,59,3,99131,4,3,3,1,4,0,0,0,40,38,1
11646,67,8,401273,1,3,14,1,4,0,0,0,5,38,0
21114,26,3,154966,1,0,11,0,4,1,0,0,50,38,1
47784,34,3,167893,1,0,9,0,4,1,0,0,64,38,1
33786,78,8,91534,0,0,14,0,4,1,0,0,3,38,0
47127,46,3,203039,0,0,11,0,4,1,0,0,48,38,0
7486,45,1,168191,3,0,13,0,4,1,0,0,40,38,0
40176,28,3,132191,3,0,13,0,4,1,0,0,45,38,1
31734,47,6,100818,3,0,0,5,4,0,0,0,40,38,1
21830,51,1,33863,4,0,9,0,4,1,0,0,45,38,0
45821,21,3,161210,3,0,6,0,4,1,0,0,50,38,0
39074,39,3,176296,3,0,13,0,2,1,0,1887,40,38,1
43210,41,3,32878,0,0,9,0,4,1,0,0,45,38,1
48152,18,8,200525,5,1,14,3,4,0,0,0,25,38,0
23081,52,0,424012,1,2,3,1,4,0,0,0,40,38,0
48073,32,8,981628,3,2,14,4,2,1,0,0,40,38,0
18420,46,3,105444,0,0,3,0,4,1,0,0,50,38,1
8669,37,3,264700,3,0,12,5,2,0,0,0,35,38,0
13249,40,3,243580,0,0,3,0,4,1,0,0,44,38,1
23992,42,5,93099,1,0,9,3,4,0,0,0,25,38,0
33328,57,3,199572,5,0,6,0,4,1,0,0,40,38,0
11987,64,8,186535,0,0,14,0,4,1,3103,0,3,38,0
22997,58,4,154537,3,0,3,5,4,0,0,0,20,38,1
38483,20,3,244406,3,1,0,3,2,0,0,0,40,38,0
33828,52,3,128272,3,0,11,0,4,1,0,0,14,38,0
40647,26,3,211424,1,0,5,0,4,1,0,0,40,38,1
36086,34,3,430554,1,0,3,0,4,1,0,0,50,38,1
18928,50,3,273536,5,0,11,0,3,1,0,0,49,5,0
17524,65,5,167414,3,0,3,0,4,1,0,0,59,38,1
1276,42,5,83953,1,0,4,0,4,1,0,0,70,38,0
7055,26,3,311743,3,2,7,4,4,0,0,0,39,38,0
2912,59,3,105745,1,0,6,0,4,1,0,0,45,38,1
3055,59,3,378585,0,0,9,0,4,1,0,0,44,38,1
48643,63,3,226422,3,0,2,0,4,1,0,0,40,38,0
6532,46,3,120080,0,0,0,5,4,0,0,0,40,38,1
2581,35,1,160728,4,0,9,0,4,1,0,0,45,38,1
40768,21,3,38772,1,1,11,3,4,1,0,0,20,38,0
16480,24,5,32921,3,1,11,1,4,1,0,0,40,38,0
10462,62,3,175032,3,0,0,0,4,1,0,0,42,38,0
13674,25,3,144516,3,1,13,1,4,1,0,0,40,38,0
47732,36,3,199346,4,0,9,5,4,0,0,0,50,38,1
31230,36,3,184112,4,0,9,5,4,0,15024,0,45,38,1
43920,34,3,379798,4,0,3,0,4,1,0,0,40,38,1
36375,21,8,228424,5,1,14,3,2,1,0,0,40,38,0
37618,40,1,34540,4,2,9,4,4,0,0,0,44,38,0
2343,40,3,132222,4,0,9,0,4,1,0,0,50,38,0
40200,46,3,202560,1,0,0,5,4,0,0,0,40,38,1
14762,37,3,164193,1,0,0,0,4,1,0,0,40,38,0
21389,44,4,187720,1,0,11,0,4,1,0,0,50,38,1
38174,29,3,157262,4,1,3,1,4,0,0,0,45,38,0
13878,29,3,327766,1,2,3,4,4,1,0,0,55,38,1
33731,19,3,167859,3,1,7,3,2,1,0,0,40,38,0
4525,26,3,186454,0,1,9,1,1,1,4650,0,40,39,0
37070,56,3,149686,5,3,6,4,4,0,0,0,40,38,0
2151,53,1,177063,1,0,0,0,4,1,0,0,40,38,1
11472,22,3,227220,1,1,9,1,4,0,0,0,40,38,0
7997,61,3,202060,3,1,0,1,2,0,0,0,34,38,0
30820,30,1,182926,1,0,10,0,4,1,15024,0,40,38,1
16250,49,4,77132,3,0,3,0,4,1,0,0,40,1,1
40291,42,4,120277,4,0,3,0,4,1,0,0,40,38,1
46661,27,3,113054,3,2,6,1,4,1,0,0,43,38,0
42030,49,3,280525,1,0,0,0,4,1,0,0,45,38,1
26343,38,3,179579,1,0,9,0,4,1,0,0,50,41,1
39182,31,4,149726,3,0,2,0,4,1,0,0,50,38,0
31748,32,3,207201,0,1,9,1,4,1,0,0,45,38,1
36920,38,5,185325,3,0,5,0,4,1,0,0,40,38,1
27679,49,3,129513,3,0,13,0,4,1,0,0,50,38,1
36385,36,3,222294,0,1,3,1,1,0,0,0,40,38,0
17824,59,1,165695,1,0,2,0,4,1,0,0,40,38,0
12388,38,3,210198,3,1,11,4,4,0,0,0,30,38,0
22643,51,3,86373,0,0,6,0,4,1,0,0,25,38,0
23267,37,3,254973,3,0,5,5,4,0,0,0,40,38,1
8645,28,6,198201,3,0,10,0,2,1,0,0,40,38,0
357,50,5,165001,4,0,9,0,4,1,99999,0,80,38,1
1740,44,1,178417,3,0,10,3,4,1,0,0,40,38,1
38672,38,3,331395,5,0,4,0,4,1,3942,0,84,31,0
10036,18,3,70021,5,1,7,3,4,1,0,0,15,38,0
15002,31,3,198103,3,1,6,3,4,1,0,0,40,38,0
36458,37,3,240837,3,2,7,1,4,0,0,0,30,38,0
47389,25,8,161235,1,1,14,3,4,1,0,0,90,38,0
45639,35,3,139647,1,2,3,1,4,0,0,0,40,38,1
1266,57,3,142080,3,0,0,5,2,0,0,0,38,38,1
42779,61,0,229062,1,0,0,0,4,1,0,1887,40,38,1
13389,36,3,196554,1,0,11,0,4,1,15024,0,40,38,1
7074,37,3,122889,2,0,9,0,1,1,7298,0,40,35,1
6267,32,5,63516,3,2,7,4,4,0,0,0,45,38,0
4593,38,3,65624,1,0,0,0,4,1,0,0,45,38,0
25914,62,3,161460,0,1,4,1,4,1,0,0,30,38,0
1241,33,8,148380,0,0,14,5,4,0,3103,0,60,38,1
19124,41,1,344624,1,0,7,0,4,1,0,1485,40,38,1
15099,51,3,229259,0,0,3,0,4,1,0,0,45,38,1
13425,49,0,89334,0,0,9,0,4,1,0,0,40,38,0
10562,41,3,247081,1,0,0,0,4,1,0,0,40,38,1
44842,51,3,82578,4,0,9,0,4,1,0,0,38,1,1
48560,36,3,258102,3,1,5,1,4,1,0,0,40,38,0
22852,26,3,165510,0,1,4,3,4,1,0,0,40,38,0
42311,50,3,116933,3,2,11,1,4,0,0,0,33,38,0
19810,47,3,115358,3,2,6,1,2,0,0,0,40,38,0
21457,25,3,159662,3,0,11,3,4,1,0,0,26,38,1
46315,59,3,126668,1,0,9,0,4,1,5178,0,50,38,1
2552,33,5,234976,0,0,11,5,4,0,0,0,40,38,1
14099,33,3,243266,4,0,3,0,4,1,0,0,40,5,1
2551,21,3,154556,1,1,7,3,4,1,0,0,15,41,0
7608,24,3,165475,3,1,4,1,4,1,0,0,25,38,0
29213,60,3,83850,3,0,11,0,4,1,0,0,40,38,0
15789,35,3,302604,1,0,0,5,4,0,0,0,40,38,1
30877,43,5,421837,1,0,11,0,4,1,7298,0,50,25,1
13047,36,3,131766,1,1,3,1,4,0,3325,0,40,38,0
11069,49,3,162264,3,1,6,1,2,1,0,0,40,38,0
22778,36,3,103605,3,0,5,0,4,1,0,0,40,38,0
29245,46,6,27243,2,0,9,0,4,1,7688,0,45,38,1
20032,41,3,119721,3,0,12,0,4,1,0,0,40,38,0
43981,44,3,62258,5,1,7,1,4,0,0,0,40,38,0
20087,32,0,111567,4,0,9,0,4,1,0,0,40,38,1
39855,29,3,176723,1,1,11,4,4,0,0,0,25,38,0
14869,45,0,363418,0,0,9,0,4,1,0,0,40,38,1
26518,37,3,110713,3,0,11,0,4,1,0,0,50,38,1
27337,49,8,558183,1,1,14,4,4,0,0,0,40,38,0
32882,40,1,166893,0,0,10,0,2,1,0,0,40,38,1
9417,74,8,41737,3,0,14,0,4,1,0,2149,30,38,0
40932,42,3,139126,1,0,12,0,4,1,0,0,40,38,1
41564,56,3,143266,1,0,3,0,4,1,0,0,40,38,1
40116,64,5,388625,5,0,9,0,4,1,0,0,10,38,1
25905,29,3,394927,1,0,7,0,4,1,0,0,40,41,0
7468,36,5,60269,0,0,11,0,4,1,0,0,40,38,1
37901,43,6,60949,3,0,2,0,4,1,0,0,40,38,0
9771,36,3,199288,5,0,13,0,4,1,0,0,70,38,0
31022,32,3,205152,3,0,3,0,4,1,3103,0,40,38,1
41160,28,6,89564,0,0,10,0,4,1,0,0,50,38,0
18089,73,1,232871,5,0,10,0,4,1,2228,0,10,38,0
42405,43,6,101383,3,0,2,0,4,1,0,0,40,38,1
37186,25,3,161478,0,1,9,1,1,0,0,0,40,38,0
21864,27,3,329005,3,1,2,3,4,1,0,0,40,38,0
12838,26,3,135521,3,1,2,3,4,1,0,0,50,38,0
22618,46,3,377401,3,0,13,0,4,1,0,1902,70,1,1
18712,61,5,244087,3,0,2,0,4,1,0,0,52,38,1
36250,21,3,120326,1,1,0,3,4,0,0,0,40,38,0
43038,35,5,348771,5,0,2,0,4,1,0,0,36,38,0
13734,36,3,154410,0,0,9,0,4,1,0,0,40,38,1
46152,40,3,360884,1,1,12,1,4,0,0,0,50,38,1
19809,17,3,263746,5,1,7,3,4,1,0,0,24,38,0
11168,41,3,97279,3,0,13,0,4,1,0,0,50,38,0
27496,37,3,125550,3,1,12,1,4,0,14084,0,35,38,1
10334,47,3,138999,5,0,2,0,4,1,4386,0,48,38,1
21368,28,3,142443,3,1,2,3,4,1,0,0,40,38,0
25762,36,3,220511,1,0,2,0,4,1,0,0,40,38,0
24386,32,4,113543,4,0,9,0,4,1,0,0,40,38,1
5831,39,3,107991,1,0,3,0,4,1,0,0,45,38,1
38112,34,3,156464,0,2,3,1,4,1,0,0,85,8,1
56,63,3,145985,3,0,2,0,4,1,0,0,40,38,0
18626,29,3,214858,0,0,11,0,4,1,0,0,40,38,1
30062,39,3,98941,0,1,9,1,4,1,0,0,40,38,1
32914,39,3,65382,1,0,3,0,4,1,0,0,40,38,0
42462,46,3,501671,5,2,6,4,2,1,0,0,40,38,0
36219,30,3,226443,0,0,11,0,4,1,0,0,50,38,1
11167,42,1,270147,4,1,9,1,4,0,0,0,40,38,0
44016,31,3,157640,3,0,9,0,4,1,0,0,55,38,1
39967,40,3,199599,5,0,3,0,4,1,0,0,40,38,1
5379,74,8,132112,3,0,14,0,4,1,0,0,48,38,0
8506,60,3,96660,3,2,11,2,4,0,0,0,33,38,0
8101,45,5,40666,1,0,4,0,4,1,2885,0,60,38,0
23144,26,3,292803,1,1,7,3,4,0,0,0,24,38,0
20833,51,3,55507,3,0,2,0,2,1,0,0,40,38,0
25304,30,3,203488,1,0,6,0,4,1,0,0,40,38,1
5082,37,3,226500,0,0,11,0,4,1,0,0,55,38,1
27465,41,6,75409,0,0,9,5,4,0,0,0,40,38,1
15775,36,4,196554,3,0,2,0,4,1,0,0,46,38,1
18163,44,5,246862,3,0,9,5,4,0,0,0,40,21,1
14453,44,0,259307,0,0,3,0,4,1,0,0,40,38,1
6108,38,3,162551,3,1,3,1,1,0,0,0,35,16,0
38976,33,3,288273,5,2,0,4,4,0,1471,0,40,38,0
2874,27,6,122540,1,1,2,2,4,1,0,0,40,38,0
14506,32,5,399088,0,2,9,1,4,0,0,1340,45,38,0
31088,33,3,105370,3,2,10,1,4,1,0,0,70,38,0
42602,35,3,176123,5,0,7,0,1,1,0,0,60,18,0
13726,32,3,178449,3,1,2,1,4,1,0,0,50,38,0
33315,21,3,129980,5,1,13,3,4,1,0,0,40,38,0
13175,31,3,177675,0,0,11,0,4,1,0,0,40,38,1
40752,51,0,174102,3,0,0,0,4,1,0,0,40,38,1
42530,66,3,186324,0,0,11,0,4,1,0,0,5,38,1
26885,44,3,467799,3,0,2,0,4,1,0,0,40,38,0
46478,32,3,154950,4,1,9,1,4,1,0,0,40,38,0
1723,24,5,345420,5,1,4,2,4,1,0,0,50,38,0
21416,42,3,219288,5,3,2,4,4,1,0,0,40,38,0
27626,28,3,84547,0,0,12,0,4,1,0,0,40,38,1
24586,58,3,285885,5,2,7,4,4,0,0,0,40,38,0
14586,51,1,142801,4,3,9,1,2,0,0,0,40,38,1
31950,31,3,467579,0,0,3,0,2,1,0,1887,40,38,1
41576,61,8,187636,0,2,14,4,4,0,0,0,40,38,0
12136,46,3,67001,2,0,9,0,4,1,0,0,40,38,1
1573,34,3,97933,5,2,0,4,4,0,0,0,38,38,0
7424,33,3,249409,4,0,9,0,2,1,0,0,35,38,0
35211,59,3,227856,0,0,11,0,4,1,0,0,37,38,1
33858,43,3,74581,3,0,2,0,4,1,0,0,48,38,1
27915,32,3,131224,3,0,9,0,4,1,0,0,40,38,0
554,52,3,120914,1,0,2,0,4,1,0,0,40,38,0
37124,53,3,126368,1,1,0,1,4,0,0,0,50,38,1
29651,38,8,70282,4,0,14,5,2,0,15024,0,2,38,1
11729,25,3,51148,3,2,0,2,4,0,0,0,40,38,0
10437,20,3,143604,3,1,7,3,4,0,0,0,40,38,0
2409,49,3,350759,0,0,11,0,4,1,0,0,60,38,1
2732,59,6,136819,4,0,9,0,4,1,0,0,8,38,1
12291,34,3,197252,0,0,3,0,4,1,0,0,45,38,1
42192,37,4,190759,1,0,11,0,4,1,0,0,60,38,1
15706,34,3,193132,3,2,6,1,4,0,0,0,50,38,0
12099,29,5,198286,0,1,9,1,4,0,0,0,40,38,0
45369,38,3,160808,3,0,2,0,2,1,4386,0,48,38,0
19545,36,4,164866,1,2,3,1,4,1,0,0,50,38,0
6209,60,3,203985,1,0,7,0,4,1,0,0,40,38,1
20007,50,3,217083,3,0,0,5,4,0,0,0,40,38,1
20130,38,3,298841,1,1,3,1,4,0,0,0,45,38,0
9406,42,3,144002,3,0,3,0,4,1,0,0,50,38,1
8711,33,3,327112,4,0,3,0,4,1,0,0,60,38,1
41344,47,3,187440,3,0,2,0,4,1,5178,0,40,38,1
41516,36,3,31438,3,2,13,4,4,1,0,0,43,41,0
31422,33,5,196342,2,1,9,1,4,1,0,0,45,38,1
22914,33,3,209768,0,0,9,0,4,1,0,0,40,38,1
42120,53,0,227836,1,2,4,1,4,1,0,0,40,38,0
4754,50,3,191598,3,2,5,1,4,1,0,1980,38,38,0
12154,44,1,143104,1,0,3,5,4,0,0,0,38,38,1
5137,52,3,163776,3,0,11,0,4,1,0,1902,60,38,1
13015,18,3,65098,3,1,2,3,4,1,0,0,30,38,0
3097,36,3,126675,0,0,9,0,4,1,0,0,45,38,1
38598,40,3,79586,4,0,9,0,1,1,99999,0,40,41,1
44005,57,3,47857,3,0,13,0,4,1,0,0,40,38,1
41720,32,6,111567,3,0,2,0,4,1,0,0,49,38,1
27264,30,5,292472,1,0,11,0,0,1,0,0,55,38,1
18832,41,3,306495,3,0,4,0,4,1,0,0,40,38,0
14647,41,3,101593,0,0,3,0,4,1,0,0,60,38,1
17148,17,3,368700,5,1,11,3,4,1,0,0,28,38,0
23836,44,3,115323,4,0,3,0,4,1,0,0,40,38,1
41918,29,4,168221,0,0,3,0,4,1,0,1740,70,38,0
14753,34,3,341954,0,0,3,0,4,1,0,0,40,38,1
33763,39,5,218490,4,0,9,0,4,1,0,2415,50,41,1
12933,36,3,379522,0,2,9,1,4,1,0,0,40,10,0
28496,47,5,159726,3,0,2,0,4,1,0,0,40,38,1
1849,47,3,332465,1,2,13,4,4,1,0,0,40,38,0
5555,36,5,119272,3,0,3,0,4,1,0,0,38,38,0
44483,31,3,110643,0,0,3,0,4,1,0,1977,55,38,1
18211,43,3,166740,1,2,0,1,4,1,0,0,48,38,0
32120,25,3,120238,5,0,13,0,4,1,5178,0,40,30,1
29440,35,3,70447,1,1,9,4,1,1,4650,0,20,38,0
18390,66,3,146454,1,0,11,0,4,1,5556,0,40,38,1
26550,40,5,284706,4,0,9,0,0,1,0,1977,60,38,1
38321,23,6,287988,0,1,9,1,4,1,10520,0,40,38,1
13644,42,3,100479,0,0,11,0,4,1,0,0,40,38,1
24592,69,3,106595,3,3,0,1,4,0,1848,0,40,38,0
31344,47,3,184579,1,0,12,0,4,1,0,0,60,38,0
45671,54,3,141663,3,1,7,1,4,1,0,0,15,38,0
34034,22,3,238917,5,1,6,1,4,1,0,0,24,25,0
20353,34,8,146589,3,1,14,4,2,0,0,0,40,38,0
24281,33,3,156192,4,0,9,0,4,1,0,0,45,38,1
6477,38,5,203988,2,0,9,0,4,1,99999,0,55,38,1
27010,42,1,121998,1,0,3,0,4,1,15024,0,40,38,1
43322,57,4,258883,3,0,13,0,4,1,5178,0,60,17,1
32908,37,5,265266,4,0,9,0,4,1,0,0,40,4,1
45979,55,8,227203,1,1,14,1,4,0,0,0,5,38,0
14793,26,3,132661,3,1,0,3,4,0,0,0,40,38,0
34423,36,3,659504,0,0,3,0,2,1,0,0,45,38,1
2246,52,3,251908,4,2,9,4,4,0,0,2547,40,38,1
40401,38,1,37931,3,0,10,0,4,1,0,0,40,38,1
46004,44,3,110396,4,1,3,1,4,1,14084,0,56,38,1
22517,32,3,116539,0,0,3,0,4,1,0,1887,55,38,1
8175,40,3,225263,1,0,3,5,4,0,0,0,45,38,1
7762,56,3,33115,3,2,7,4,4,0,0,0,40,38,0
10122,30,1,339388,1,0,12,0,4,1,0,0,72,38,1
37359,29,3,164040,3,0,7,0,4,1,0,0,40,38,0
29862,55,3,200992,1,3,7,1,4,0,0,0,35,38,0
26900,37,3,113750,0,0,5,0,4,1,0,0,40,38,0
42351,23,3,186666,1,1,6,1,4,1,0,0,40,38,0
37012,32,3,317378,0,1,3,3,4,0,10520,0,40,38,1
555,32,6,33945,0,0,4,0,4,1,0,0,40,38,1
20724,45,3,123681,3,0,11,0,4,1,0,0,40,38,1
9788,31,3,154227,1,0,13,0,4,1,0,0,40,38,0
45381,43,3,136721,5,0,2,0,4,1,0,0,40,38,0
39764,59,3,98350,3,2,7,1,1,1,0,0,40,2,0
27251,21,3,170800,3,1,11,3,4,0,0,0,30,38,0
7975,36,5,188503,4,1,9,1,4,0,0,0,60,38,1
39013,28,3,192384,0,0,11,0,4,1,0,0,40,38,1
25809,46,3,130364,3,1,2,4,4,1,0,0,40,38,0
42998,24,3,189749,5,0,2,0,4,1,0,0,40,38,0
41904,58,5,248841,3,0,11,0,4,1,15024,0,40,38,1
3733,77,6,267799,2,1,9,1,4,1,0,0,4,38,1
19152,47,1,148995,3,0,10,0,4,1,0,0,60,38,1
14259,36,3,295706,4,0,3,0,4,1,0,0,70,38,1
29328,40,5,171615,1,1,2,1,4,1,0,0,35,38,1
25554,35,3,185325,0,0,9,0,4,1,0,0,50,38,1
43039,30,5,148959,1,2,2,1,4,1,0,0,35,38,0
13200,32,3,312923,5,0,2,0,4,1,0,0,40,25,0
8524,73,3,159007,0,2,4,2,4,0,0,0,12,38,0
6435,44,1,117012,4,0,9,5,4,0,0,1887,40,38,1
2958,37,3,175185,1,1,5,1,4,1,0,0,40,38,0
6164,33,3,264554,0,0,9,0,4,1,0,0,45,38,1
6076,50,1,68898,2,0,3,0,4,1,0,0,55,38,1
32435,45,3,132847,3,1,5,1,4,0,0,0,40,38,0
34574,20,3,133061,3,1,5,3,4,1,0,0,40,38,0
1209,21,3,172047,1,1,12,3,4,1,0,0,20,38,0
27731,47,0,102771,2,0,9,0,4,1,0,0,40,38,1
8853,26,3,206721,0,1,11,3,4,1,0,0,50,38,0
4261,48,5,221464,5,0,3,5,4,0,0,0,30,38,1
11793,36,3,389725,0,0,12,0,4,1,7298,0,40,10,1
34368,50,1,163998,0,0,10,0,4,1,0,0,44,38,1
4425,64,3,121036,1,1,12,1,4,1,0,0,40,38,1
23537,40,3,135056,3,1,0,1,4,0,0,0,45,38,0
44363,33,6,291494,2,0,9,0,4,1,0,0,50,38,1
48556,20,8,99891,1,1,14,3,4,0,0,0,30,38,0
41140,41,3,37869,3,0,11,0,4,1,0,1902,40,38,1
1134,34,3,162544,5,1,8,3,4,0,0,0,30,38,0
18299,39,3,505119,4,0,3,0,4,1,0,0,40,4,1
48537,41,3,182108,2,1,6,1,4,0,0,0,40,38,1
20369,34,3,146161,0,0,9,0,4,1,0,0,60,38,1
21899,23,3,292023,3,1,3,1,4,1,0,0,45,38,0
35155,44,3,889965,3,0,5,5,4,0,3137,0,30,38,0
28256,33,1,183923,4,0,9,5,4,0,7688,0,35,38,1
38495,42,3,169383,4,0,9,0,4,1,0,0,40,38,1
6544,41,3,557349,3,0,2,0,4,1,0,0,40,38,1
23848,22,3,141698,5,1,2,4,4,1,0,0,40,38,0
15132,20,1,38455,3,1,2,1,4,1,0,0,10,38,0
13075,32,3,193285,0,0,3,0,4,1,0,0,45,38,1
24332,38,0,238342,0,0,11,0,4,1,7688,0,42,38,1
25419,27,8,61387,0,0,14,0,4,1,0,0,15,38,0
3605,36,5,240191,3,0,3,0,1,1,41310,0,90,34,0
30931,37,5,112497,4,0,3,0,4,1,0,0,50,38,1
44805,73,3,349347,5,0,5,0,4,1,0,0,25,38,0
27707,47,1,173938,0,0,2,0,4,1,0,0,50,38,1
28919,55,3,49996,5,1,6,1,2,0,0,0,40,38,0
30549,28,3,68021,1,1,7,1,4,0,0,0,30,38,0
36926,44,3,320984,0,0,11,0,4,1,0,0,60,38,1
7985,29,5,37429,3,0,7,5,4,0,0,0,30,38,0
16333,47,3,51835,4,0,9,5,4,0,0,1902,60,15,1
12221,54,0,28683,3,0,0,0,4,1,4386,0,41,38,1
32422,33,1,222654,1,0,5,0,4,1,0,0,66,41,0
9232,62,6,342049,3,0,13,0,4,1,0,0,40,38,0
8826,28,3,306538,5,1,9,4,4,0,0,0,40,38,0
37040,43,3,248094,3,2,2,4,4,1,0,0,40,38,0
33595,76,8,84755,1,3,14,4,4,0,0,0,40,38,0
12518,52,0,385183,0,0,0,0,4,1,0,0,40,38,1
47737,30,3,378009,4,0,3,0,4,1,0,0,50,38,1
39194,41,5,150533,4,0,9,0,4,1,0,0,50,38,1
26804,37,3,177181,3,0,2,0,4,1,0,0,40,38,0
577,44,3,201734,3,0,2,0,4,1,0,0,45,38,0
